Descrizione Articolo,Lob Associata,Codice Articolo,Nome LOB,Inventario
*** NON USARE *** MATERIALE VARIO,1002,MATERIALE THEGUARDIA,CABLAGGIO ALTERNATIVO,Non in inventario
*** NON USARE *** MATERIALE VARIO,17001,MATERIALE SCHNEIDER,SISTEMI SCHNEIDER,Inventario
*** NON USARE *** MATERIALE VARIO,17005,MATERIALE CIVER,ALTRO DATA CENTER,Non in inventario
1 Year Warranty Extension for (1) Accessory (Renewal or High Volume),17001,WEXWAR1Y-AC-01,SISTEMI SCHNEIDER,Inventario
1 Year Warranty Extension for (1) Accessory (Renewal or High Volume),17007,WEXWAR1Y-AC-04,INSTALLAZIONE DATA CENTER,Non in inventario
"100G QSFP28 100G-LR, 10km SMF, duplex, LC Connector",2002,QSFP-100G-LR-S=,APPARATI CISCO LAN,Inventario
"100G QSFP28 100G-LR, 10km SMF, duplex, LC Connector",2003,QSFP-100G-LR-S,APPARATI CISCO WAN,Inventario
"100GBASE-CR4 Passive Copper Cable, 3m",2001,QSFP-100G-CU3M,APPARATI CISCO WIRELESS,Inventario
"100GBASE-CR4 Passive Copper Cable, 3m",2002,QSFP-100G-CU3M=,APPARATI CISCO LAN,Inventario
10GBASE-CU SFP+ Cable 3 Meter,2002,SFP-H10G-CU3M=,APPARATI CISCO LAN,Inventario
10GBASE-CU SFP+ Cable 3 Meter,3009,SFP-H10GB-CU3M=,SERVER CISCO,Inventario
12MO Essential Support R FOR 501-2500 SEAT BAND,6009,ESESPT-3-CP12-X-R,FORCEPOINT SECURITY,Inventario
12MO Essential Support R FOR 501-2500 SEAT BAND,6016,ESESPT-3-CP12-X-R-R,RINNOVO FORCEPOINT SECURITY,Non in inventario
12MO Forcepoint Email Security R FOR 501-2500 SEAT BAND,6009,EMSA-3-CP12-C-R,FORCEPOINT SECURITY,Inventario
12MO Forcepoint Email Security R FOR 501-2500 SEAT BAND,6016,EMSA-3-CP12-H-R,RINNOVO FORCEPOINT SECURITY,Inventario
16GB DDR4-2666-MHz RDIMM/PC4-21300/single rank/x4/1.2v,3009,UCS-MR-X16G1RS-H,SERVER CISCO,Inventario
16GB DDR4-2666-MHz RDIMM/PC4-21300/single rank/x4/1.2v,3030,HX-MR-X16G1RS-H,STORAGE IPERCONVERGENZA CISCO,Inventario
16GB DDR4-2933-MHz RDIMM/1Rx4/1.2v,2002,UCS-MR-X16G1RT-H=,APPARATI CISCO LAN,Inventario
16GB DDR4-2933-MHz RDIMM/1Rx4/1.2v,3009,UCS-MR-X16G1RT-H,SERVER CISCO,Inventario
16GB DDR4-2933-MHz RDIMM/1Rx4/1.2v,3030,HX-MR-X16G1RT-H,STORAGE IPERCONVERGENZA CISCO,Inventario
16GB RDIMM SRx4 3200 (8Gb),3009,UCS-MR-X16G1RW,SERVER CISCO,Inventario
16GB RDIMM SRx4 3200 (8Gb),3009,UCSX-MR-X16G1RW,SERVER CISCO,Inventario
16GB RDIMM SRx4 3200 (8Gb),3030,HX-MR-X16G1RW,STORAGE IPERCONVERGENZA CISCO,Inventario
2 Year On-Site Warranty Ext for (1) Easy UPS 3S 10 - 15kVA UPS,17001,WOE2YR-EZ-15.,SISTEMI SCHNEIDER,Non in inventario
2 Year On-Site Warranty Ext for (1) Easy UPS 3S 10 - 15kVA UPS,17008,WOE2YR-EZ-15,SERVIZI SISTEMI SCHNEIDER,Assistenza
240GB 2.5 inch Enterprise Value 6G SATA SSD,2001,AIR-SD240GBKS4-EV=,APPARATI CISCO WIRELESS,Inventario
240GB 2.5 inch Enterprise Value 6G SATA SSD,3030,HX-SD240GM1X-EV,STORAGE IPERCONVERGENZA CISCO,Inventario
240GB SATA M.2,3009,UCS-M2-240GB.,SERVER CISCO,Inventario
240GB SATA M.2,3030,HX-M2-240GB,STORAGE IPERCONVERGENZA CISCO,Inventario
24x7 FortiCare Contract,6007,FC100040F2470212,FORTINET SECURITY,Non in inventario
24x7 FortiCare Contract,6007,FC100040F2470236,FORTINET SECURITY,Non in inventario
24x7 FortiCare Contract,6007,FC100050E2470236,FORTINET SECURITY,Non in inventario
24x7 FortiCare Contract,6007,FC10F101F2470236,FORTINET SECURITY,Non in inventario
24x7 FortiCare Contract,6009,FC-10-FG4VM-248-02-3,FORCEPOINT SECURITY,Non in inventario
24x7 FortiCare Contract,6013,FC100060E2470236R,RINNOVO FORTINET SECURITY,Non in inventario
3.2TB 2.5in U.2 15mm P5620 Hg Perf Hg End NVMe (3X),3009,UCS-NVME4-3200-D,SERVER CISCO,Inventario
3.2TB 2.5in U.2 15mm P5620 Hg Perf Hg End NVMe (3X),6001,UCSX-NVME4-3200-D=,CISCO SECURITY,Inventario
32GB RDIMM DRx4 3200 (8Gb),3009,UCS-MR-X32G2RW,SERVER CISCO,Inventario
32GB RDIMM DRx4 3200 (8Gb),3009,UCSX-MR-X32G2RW,SERVER CISCO,Inventario
32GB RDIMM DRx4 3200 (8Gb),3030,HX-MR-X32G2RW,STORAGE IPERCONVERGENZA CISCO,Inventario
32GB SD Card for UCS servers,3009,UCS-SD-32G-S,SERVER CISCO,Inventario
32GB SD Card for UCS servers,3009,UCS-SD-32G-S=,SERVER CISCO,Inventario
32GB SD Card for UCS servers,3030,HX-SD-32G-S,STORAGE IPERCONVERGENZA CISCO,Inventario
4hr Parts Replacement,3014,CS-4HR-REPLACEMENT-A,SOLUZIONE NETAPP,Non in inventario
4hr Parts Replacement,3022,CS-4HR-REPLACEMENT.,RINNOVO SOLUZIONE NETAPP,Non in inventario
600GB 12G SAS 10K RPM SFF HDD,3009,UCS-HD600G10K12N,SERVER CISCO,Inventario
600GB 12G SAS 10K RPM SFF HDD,3009,UCS-HD600G10KJ4=,SERVER CISCO,Inventario
600GB 12G SAS 10K RPM SFF HDD,3009,UCS-HD600G10KJ4-D,SERVER CISCO,Inventario
600GB 12G SAS 10K RPM SFF HDD,6001,SNS-HD600G10K12NM6,CISCO SECURITY,Inventario
960GB 2.5 inch Enterprise Value  6G SATA SSD,3009,UCS-SD960GBM1X-EV,SERVER CISCO,Inventario
960GB 2.5 inch Enterprise Value  6G SATA SSD,3030,HX-SD960G6S1X-EV,STORAGE IPERCONVERGENZA CISCO,Inventario
AC POWER SUPPLY,2006,04031152,APPARATI VARI,Inventario
AC POWER SUPPLY,6007,SP-FG300E-PS,FORTINET SECURITY,Inventario
ADATTATORE MINI-COM/BTICINO MATIX BIANCO,1008,BT3989,CABLAGGIO PANDUIT,Inventario
ADATTATORE MINI-COM/BTICINO MATIX BIANCO,2014,BT3889,CONTROLLO ACCESSI,Inventario
ALIMENTATORE CON MORSETTO E SPINA,24001,VPODE ALIMENTATORE,BUILDING AUTOMATION,Inventario
ALIMENTATORE CON MORSETTO E SPINA,24002,XVS015,ALTRI IMPIANTI TECNOLOGICI,Inventario
"Advanced Protect Anti-Phishing, including URL inspection and file sandboxing and sanitization",6002,CPHARECADVEMAILREN1Y,CHECKPOINT SECURITY,Inventario
"Advanced Protect Anti-Phishing, including URL inspection and file sandboxing and sanitization",6011,CPHARECADVEMAILREN1.,RINNOVO CHECKPOINT SECURITY,Non in inventario
"AmazonBasics Cavo Mini DisplayPort/HDMI - 0,9 metri",3004,CAVOMINIDISPALYPORT,CLOUD VARIE HW,Inventario
"AmazonBasics Cavo Mini DisplayPort/HDMI - 0,9 metri",4009,B0134V29UA,AUDIO VIDEO - TELEPRESENCE ROOM,Inventario
"Android 10.1"" SoC, 5 point pcap, RK3288, A17 1.6Ghz, 2GB Sdram, 16GB eMMC flash, 500cd/m2, 1280x800,",2006,APPC-10SLB,APPARATI VARI,Inventario
"Android 10.1"" SoC, 5 point pcap, RK3288, A17 1.6Ghz, 2GB Sdram, 16GB eMMC flash, 500cd/m2, 1280x800,",4009,88902020.233,AUDIO VIDEO - TELEPRESENCE ROOM,Inventario
Annuity Blades,6002,CPSBNGFW1550BUN2Y,CHECKPOINT SECURITY,Inventario
Annuity Blades,6011,CPHAREPCOMPLETEBUN1Y,RINNOVO CHECKPOINT SECURITY,Non in inventario
Annuity Blades,6011,CPHARMOBILEDVCBUNR1Y,RINNOVO CHECKPOINT SECURITY,Non in inventario
Anti-Phishing including URL inspection and file sandboxing and sanitization (CDR) for incoming and i,6002,CPHARECADVEMAILAPPS1,CHECKPOINT SECURITY,Inventario
Anti-Phishing including URL inspection and file sandboxing and sanitization (CDR) for incoming and i,6011,CPHARECADVEMAILAPPS.,RINNOVO CHECKPOINT SECURITY,Non in inventario
Anti-Phishing including URL inspection and file sandboxing and sanitization (CDR) for incoming and i,6011,CPHARECADVEMAILAPPSR,RINNOVO CHECKPOINT SECURITY,Non in inventario
"Apex One on-prem includes Mac, VDI, iDLP, iVP, iAC and Apex Central, Cross-upgrade, Normal, 2001-500",6002,VO01213848,CHECKPOINT SECURITY,Inventario
"Apex One on-prem includes Mac, VDI, iDLP, iVP, iAC and Apex Central, Cross-upgrade, Normal, 2001-500",6003,OS01143230,TREND MICRO PRIMA VENDITA,Inventario
Attuatore per serranda ad azione ON/OFF o 3 punti 10Nm 24 Vac  IP54,1011,MD10B-24,BUILDING AUTOMATION,Inventario
Attuatore per serranda ad azione ON/OFF o 3 punti 10Nm 24 Vac  IP54,24001,8751015000,BUILDING AUTOMATION,Inventario
BASIC SUPPORT/SUBSCRIPTION FOR VMWARE VSPHERE 8 ESSENTIALS PLUS KIT FOR 3 HOSTS (MAX 2 PROCESSORS PE,3011,VS8-ESP-KIT-G-SSS-C,SOFTWARE VMWARE,Inventario
BASIC SUPPORT/SUBSCRIPTION FOR VMWARE VSPHERE 8 ESSENTIALS PLUS KIT FOR 3 HOSTS (MAX 2 PROCESSORS PE,3019,VS8-ESP-KIT-G-SSSCR,RINNOVO SOFTWARE VMWARE,Inventario
BATTERIA 12V 7AH,1011,EJ300610000,BUILDING AUTOMATION,Inventario
BATTERIA 12V 7AH,17009,BAT-05,SISTEMI ANTINCENDIO,Inventario
Ball Bearing Rail Kit for C220 & C240 M6 rack servers,2002,UCSC-RAIL-M6=,APPARATI CISCO LAN,Inventario
Ball Bearing Rail Kit for C220 & C240 M6 rack servers,3009,UCSC-RAIL-M6,SERVER CISCO,Inventario
Ball Bearing Rail Kit for C220 & C240 M6 rack servers,3030,HX-RAIL-M6,STORAGE IPERCONVERGENZA CISCO,Inventario
"C240 M6 Riser1A; (x8;x16x, x8); StBkt; (CPU1)",3009,UCSC-RIS1A-240M6,SERVER CISCO,Inventario
"C240 M6 Riser1A; (x8;x16x, x8); StBkt; (CPU1)",3030,HX-RIS1A-240M6,STORAGE IPERCONVERGENZA CISCO,Inventario
C2G HDMI Micro to HDMI Adapter Converter Dongle,3004,3223853,CLOUD VARIE HW,Inventario
C2G HDMI Micro to HDMI Adapter Converter Dongle,4009,80510,AUDIO VIDEO - TELEPRESENCE ROOM,Inventario
CHECKPOINT COLLABORATIVE ENTERPRISE SUPPORT,6002,CPCES-CO-STANDARD,CHECKPOINT SECURITY,Inventario
CHECKPOINT COLLABORATIVE ENTERPRISE SUPPORT,6011,CPCES-CO-STANDARD.,RINNOVO CHECKPOINT SECURITY,Non in inventario
CIABATTA MULTISTANDARD 4P,1002,FME410100,CABLAGGIO ALTERNATIVO,Inventario
CIABATTA MULTISTANDARD 4P,1003,FME410110,TBD******,Inventario
CONTENITORE 1 POSTO ORIZZONTALE,1002,GWGW27001,CABLAGGIO ALTERNATIVO,Inventario
CONTENITORE 1 POSTO ORIZZONTALE,1003,GWGW27041,TBD******,Inventario
CONTENITORE 3 POSTI ORIZZONTALE,1002,GWGW27003,CABLAGGIO ALTERNATIVO,Inventario
CONTENITORE 3 POSTI ORIZZONTALE,1003,GWGW27043,TBD******,Inventario
CONTRIBUTO TAGLIO CAVO,1002,CVTAGLIOCAVO,CABLAGGIO ALTERNATIVO,Non in inventario
CONTRIBUTO TAGLIO CAVO,1003,CV-TC,TBD******,Non in inventario
CYBER GURU PHISHING 1 Year sub contract1.000-2.999,15008,CG-PHI-C1-R,CYBERGURU - RINNOVO,Non in inventario
CYBER GURU PHISHING 1 Year sub contract1.000-2.999,6004,CG-PHI-C1,ALTRO SECURITY,Non in inventario
Carbon Black Cloud EDR - 150-249 Licenses,20001,PAN-CBCE-12M-S3-R,CERTEGO SERVIZI CONTINUATIVI,Non in inventario
Carbon Black Cloud EDR - 150-249 Licenses,20001,PAN-CBCE-36M-S3-R,CERTEGO SERVIZI CONTINUATIVI,Non in inventario
Carbon Black Cloud EDR - 150-249 Licenses,20006,PAN-CBCE-12M-S3,NUOVO CLIENTE CERTEGO SERVIZI CONTINUATIVI,Non in inventario
Carbon Black Cloud EDR - 50-99 Licenses,20001,PAN-CBCE-12M-S1-R,CERTEGO SERVIZI CONTINUATIVI,Non in inventario
Carbon Black Cloud EDR - 50-99 Licenses,20001,PAN-CBCE-COTR-S1-R,CERTEGO SERVIZI CONTINUATIVI,Non in inventario
Carbon Black Cloud EDR - 50-99 Licenses,20006,PAN-CBCE-12M-S1,NUOVO CLIENTE CERTEGO SERVIZI CONTINUATIVI,Non in inventario
Carbon Black Cloud EDR - 50-99 Licenses,20006,PAN-CBCE-36M-S1,NUOVO CLIENTE CERTEGO SERVIZI CONTINUATIVI,Non in inventario
"Catalyst 1200 8-port GE, Full PoE, 2x1G Combo",2001,C1200-8FP-2G-OPT,APPARATI CISCO WIRELESS,Inventario
"Catalyst 1200 8-port GE, Full PoE, 2x1G Combo",2002,C1200-8FP-2G,APPARATI CISCO LAN,Inventario
"Catalyst 9200L 48-port PoE+, 4 x 1G, Network Essentials",2002,C9300L-24T-4G-E,APPARATI CISCO LAN,Inventario
"Catalyst 9200L 48-port PoE+, 4 x 1G, Network Essentials",2003,C9200L-48P-4G-E,APPARATI CISCO WAN,Inventario
"Catalyst 9300X 12x25G Fiber Ports, modular uplink Switch",2001,C9300X-12Y-A,APPARATI CISCO WIRELESS,Inventario
"Catalyst 9300X 12x25G Fiber Ports, modular uplink Switch",2002,C9300X-12Y-E,APPARATI CISCO LAN,Inventario
Cavo HDMI 1 metro,3004,66PI0502-010,CLOUD VARIE HW,Inventario
Cavo HDMI 1 metro,4009,EXP-HDMI-H2-1M,AUDIO VIDEO - TELEPRESENCE ROOM,Inventario
Cavo HDMI 1 metro,4009,PI1000-010,AUDIO VIDEO - TELEPRESENCE ROOM,Inventario
Cavo HDMI 3 m,4007,EXP-4KUHD-3.0,INSTALLAZIONE COLLABORATION,Inventario
Cavo HDMI 3 m,4009,PI1000-030,AUDIO VIDEO - TELEPRESENCE ROOM,Inventario
Certego Service Specialist,20001,PAN-CSS-36M-R,CERTEGO SERVIZI CONTINUATIVI,Non in inventario
Certego Service Specialist,20006,PAN-CSS-COTR,NUOVO CLIENTE CERTEGO SERVIZI CONTINUATIVI,Non in inventario
Checkpoint SmartEvent & SmartReporter for 5 gateways -1 year,6002,CPSB-EVS-5-1Y,CHECKPOINT SECURITY,Inventario
Checkpoint SmartEvent & SmartReporter for 5 gateways -1 year,6011,CPSB-EVS-5-1Y.,RINNOVO CHECKPOINT SECURITY,Non in inventario
Cisco 1000 UNIVERSAL,2002,SG10UK9-15803M,APPARATI CISCO LAN,Inventario
Cisco 1000 UNIVERSAL,2015,SG10UK9-15703M,APPARATI CISCO IOT,Inventario
Cisco 12G Modular SAS HBA (max 16 drives),3009,UCSC-SAS-M5,SERVER CISCO,Inventario
Cisco 12G Modular SAS HBA (max 16 drives),3030,HX-SAS-M5,STORAGE IPERCONVERGENZA CISCO,Inventario
Cisco 12G SAS HBA for(16 Drives) w/2U Brkt,3009,UCSC-SAS-240M6,SERVER CISCO,Inventario
Cisco 12G SAS HBA for(16 Drives) w/2U Brkt,3030,HX-SAS-240M6,STORAGE IPERCONVERGENZA CISCO,Inventario
Cisco 8821 Power Supply for United Kingdom,2002,CP-PWR-8821-UK=,APPARATI CISCO LAN,Inventario
Cisco 8821 Power Supply for United Kingdom,4001,CP-PWR-8821-UK,TELEFONIA IP,Inventario
Cisco Boot optimized M.2 Raid controller,3009,UCS-M2-HWRAID,SERVER CISCO,Inventario
Cisco Boot optimized M.2 Raid controller,3009,UCS-M2-HWRAID.,SERVER CISCO,Inventario
Cisco Boot optimized M.2 Raid controller,3009,UCS-M2-HWRAID-D,SERVER CISCO,Inventario
Cisco Boot optimized M.2 Raid controller,3009,UCSX-M2-HWRAID,SERVER CISCO,Inventario
Cisco Boot optimized M.2 Raid controller,3030,HX-M2-HWRAID,STORAGE IPERCONVERGENZA CISCO,Inventario
Cisco Catalyst 9115AX Series,2001,C9115AXE-E,APPARATI CISCO WIRELESS,Inventario
Cisco Catalyst 9115AX Series,2001,C9115AXE-EWC-I,APPARATI CISCO WIRELESS,Inventario
Cisco Catalyst 9115AX Series,2001,C9115AXI-I,APPARATI CISCO WIRELESS,Inventario
Cisco Catalyst 9115AX Series,2006,C9115AXI-E,APPARATI VARI,Inventario
Cisco Catalyst 9120AX Series,2001,C9120AXE-E,APPARATI CISCO WIRELESS,Inventario
Cisco Catalyst 9120AX Series,2006,C9120AXI-E,APPARATI VARI,Inventario
Cisco Catalyst 9800-40 Wireless Controller,2001,SC980040K9-173,APPARATI CISCO WIRELESS,Inventario
Cisco Catalyst 9800-40 Wireless Controller,2006,C9800-40-K9,APPARATI VARI,Inventario
Cisco Catalyst 9800-CL Wireless Controller - AWS,2001,SC9800CLAMIK9-179,APPARATI CISCO WIRELESS,Inventario
Cisco Catalyst 9800-CL Wireless Controller - AWS,2002,SC9800CLAMIK9-173,APPARATI CISCO LAN,Inventario
Cisco Catalyst 9800-L Wireless Controller_Fiber Uplink,2001,C9800-L-F-K9.,APPARATI CISCO WIRELESS,Inventario
Cisco Catalyst 9800-L Wireless Controller_Fiber Uplink,2002,C9800-L-F-K9,APPARATI CISCO LAN,Inventario
Cisco Ceiling Microphone Gen 2 stand alone kit,2006,CTS-MIC-CLNG-G2=,APPARATI VARI,Inventario
Cisco Ceiling Microphone Gen 2 stand alone kit,4001,CTS-MIC-CLNG-G2,TELEFONIA IP,Inventario
Cisco ISR 4300 Series IOS XE Universal,2002,SISR4300UK9-166,APPARATI CISCO LAN,Inventario
Cisco ISR 4300 Series IOS XE Universal,2003,SISR4300UK9-169,APPARATI CISCO WAN,Inventario
Cisco ISR 4300 Series IOS XE Universal,2003,SISR4300UK9-173,APPARATI CISCO WAN,Inventario
Cisco ISR 4300 Series IOS XE Universal,2003,SISR4300UK9-316S,APPARATI CISCO WAN,Inventario
Cisco ISR 4300 Series IOS XE Universal,4004,SISR4300UK9-165,TELEFONIA SOFTWARE,Inventario
Cisco ISR 4300 Series IOS XE Universal,4005,SISR4300UK9-172,ROUTER TELEFONIA,Inventario
Cisco ISR 4400 Series IOS XE Universal,2002,SISR4400UK9-166,APPARATI CISCO LAN,Inventario
Cisco ISR 4400 Series IOS XE Universal,2002,SISR4400UK9-173,APPARATI CISCO LAN,Inventario
Cisco ISR 4400 Series IOS XE Universal,2003,SISR4400UK9-313S,APPARATI CISCO WAN,Inventario
Cisco ISR1100 Series IOS XE - UNIVERSAL,2002,SISR1100UK9-1712,APPARATI CISCO LAN,Inventario
Cisco ISR1100 Series IOS XE - UNIVERSAL,2003,SISR1100UK9-176,APPARATI CISCO WAN,Inventario
Cisco ISR1100 Series IOS XE - UNIVERSAL,2003,SISR1100UK9-179,APPARATI CISCO WAN,Inventario
Cisco Identity Service Engine Subscription,2002,ISE-SEC-SUB 36 MESI,APPARATI CISCO LAN,Inventario
Cisco Identity Service Engine Subscription,6001,ISE-SEC-SUB,CISCO SECURITY,Inventario
Cisco UCS 1050W AC Power Supply for Rack Server,3009,UCSC-PSU1-1050W,SERVER CISCO,Inventario
Cisco UCS 1050W AC Power Supply for Rack Server,3030,HX-PSU1-1050W,STORAGE IPERCONVERGENZA CISCO,Inventario
Cisco UCS 1600W AC Power Supply for Rack Server,3009,UCSC-PSU1-1600W,SERVER CISCO,Inventario
Cisco UCS 1600W AC Power Supply for Rack Server,3030,HX-PSU1-1600W,STORAGE IPERCONVERGENZA CISCO,Inventario
Cisco UCS VIC 1455 Quad Port 10/25G SFP28 CNA PCIE,2002,APIC-PCIE-C25Q-04,APPARATI CISCO LAN,Inventario
Cisco UCS VIC 1455 Quad Port 10/25G SFP28 CNA PCIE,3009,UCSC-PCIE-C25Q-04,SERVER CISCO,Inventario
Cisco UCS VIC 1457 Quad Port 10/25G SFP28 CNA MLOM,3009,UCSC-MLOM-C25Q-04,SERVER CISCO,Inventario
Cisco UCS VIC 1457 Quad Port 10/25G SFP28 CNA MLOM,3030,HX-MLOM-C25Q-04,STORAGE IPERCONVERGENZA CISCO,Inventario
Cisco VG400 Analog Voice Gateway,2002,VG400-4FXS/4FXO,APPARATI CISCO LAN,Inventario
Cisco VG400 Analog Voice Gateway,2003,VG400-2FXS/2FXO,APPARATI CISCO WAN,Inventario
Cisco VIC 1387 Dual Port 40Gb QSFP CNA MLOM,3009,UCSC-MLOM-C40Q-03,SERVER CISCO,Inventario
Cisco VIC 1387 Dual Port 40Gb QSFP CNA MLOM,3030,HX-MLOM-C40Q-03,STORAGE IPERCONVERGENZA CISCO,Inventario
Cloud Device Registration Entitlement,4008,A-FLEX-C-DEV-ENT,CISCO VIDEOCONFERENZA/BOARD,Non in inventario
Cloud Device Registration Entitlement,4015,A-FLEX-DEVREG-ENT,CISCO COLLABORATION A CANONE,Non in inventario
Cloud Guard Managed Application Protection- Complete- 10 Mbps Traffic Add-On- Yearly Fee,6002,CPCGCAPCOMP10MTRAADD,CHECKPOINT SECURITY,Inventario
Cloud Guard Managed Application Protection- Complete- 10 Mbps Traffic Add-On- Yearly Fee,6027,CPCGCAPCOMP10MTRAAD,RADWARE SECURITY,Non in inventario
Cloud Guard Managed Application Protection- Complete- 10 Mbps- 1 ApplicatiOn- ManagedService- Yearly,6002,CPCGCAPCOMP10M1APP1Y,CHECKPOINT SECURITY,Inventario
Cloud Guard Managed Application Protection- Complete- 10 Mbps- 1 ApplicatiOn- ManagedService- Yearly,6028,CPCGCAPCOMP10M1APP1,RINNOVO RADWARE SECURITY,Non in inventario
Cloud One - Workload Security (Deep Security as a Service) Pre-Paid Annual Subscription - per Server,6003,DX01008783,TREND MICRO PRIMA VENDITA,Inventario
Cloud One - Workload Security (Deep Security as a Service) Pre-Paid Annual Subscription - per Server,6012,DX01100920,RINNOVO SOFTWARE TREND MICRO,Non in inventario
Cloud WAF Enterprise - ERT Premium per Application - Yearly Fee,6002,CPCGWAFERTPAPPADD1Y,CHECKPOINT SECURITY,Inventario
Cloud WAF Enterprise - ERT Premium per Application - Yearly Fee,6027,CPCGWAFERTPAPPADD1Y.,RADWARE SECURITY,Non in inventario
"Connettore per illuminazione Wieland Femmina, 3 poli, Montaggio su cavo",1002,1576520,CABLAGGIO ALTERNATIVO,Inventario
"Connettore per illuminazione Wieland Femmina, 3 poli, Montaggio su cavo",3004,768-4466,CLOUD VARIE HW,Inventario
"Connettore per illuminazione Wieland Maschio, 3 poli, Montaggio su cavo",1002,2134543,CABLAGGIO ALTERNATIVO,Inventario
"Connettore per illuminazione Wieland Maschio, 3 poli, Montaggio su cavo",3004,768-4478,CLOUD VARIE HW,Inventario
Cristie BMR (Bare Metal Recovery) for Cohesity DataProtect provides the ability to recover the Syste,3041,SUB-CRISTIE-BMR-1YR,COHESITY,Inventario
Cristie BMR (Bare Metal Recovery) for Cohesity DataProtect provides the ability to recover the Syste,3042,SUB-CRISTIE-BMR-TERM,RINNOVO COHESITY,Non in inventario
Da usare se si ordina contemporanemente la fornitura e posa,99,PRESTAZIONE FPO,VARIE,Non in inventario
Da usare se si ordina contemporanemente la fornitura e posa,99004,PRESTAZIONE FPO ELET,TERZISTI DELIVERY INSTALLAZIONI,Non in inventario
Da usare se si ordina contemporanemente la fornitura e posa,99004,PRESTAZIONE FPO SCHN,TERZISTI DELIVERY INSTALLAZIONI,Non in inventario
Da usare se si ordina contemporanemente la fornitura e posa,99004,PRESTAZIONE FPO SPEG,TERZISTI DELIVERY INSTALLAZIONI,Non in inventario
Da usare se si ordina contemporanemente la fornitura e posa,99004,PRESTAZIONE FPO TERM,TERZISTI DELIVERY INSTALLAZIONI,Non in inventario
Dark Web Scanner – 10 Keywords,20001,PAN-DWSM-12M-S-R,CERTEGO SERVIZI CONTINUATIVI,Non in inventario
Dark Web Scanner – 10 Keywords,20001,PAN-DWSM-36M-S-R,CERTEGO SERVIZI CONTINUATIVI,Non in inventario
Dark Web Scanner – 10 Keywords,20006,PAN-DWSM-12M-S,NUOVO CLIENTE CERTEGO SERVIZI CONTINUATIVI,Non in inventario
Dark Web Scanner – 10 Keywords,20006,PAN-DWSM-COTR-S,NUOVO CLIENTE CERTEGO SERVIZI CONTINUATIVI,Non in inventario
Dark Web Scanner – 100 Keywords,20001,PAN-DWSM-36M-XL-R,CERTEGO SERVIZI CONTINUATIVI,Non in inventario
Dark Web Scanner – 100 Keywords,20006,PAN-DWSM-COTR-XL,NUOVO CLIENTE CERTEGO SERVIZI CONTINUATIVI,Non in inventario
Dummy PID for mode selection,2001,MODE-ACI-LEAF,APPARATI CISCO WIRELESS,Inventario
Dummy PID for mode selection,2002,MODE-ACI-SPINE,APPARATI CISCO LAN,Inventario
ES Hosted Node Pack - 50,17001,SXWSWNDES00050,SISTEMI SCHNEIDER,Inventario
ES Hosted Node Pack - 50,24001,SW-ES-NODE-50,BUILDING AUTOMATION,Inventario
Endpoint Detection - 150-249 Agents,20001,PAN-ETDM-12M-S3,CERTEGO SERVIZI CONTINUATIVI,Non in inventario
Endpoint Detection - 150-249 Agents,20001,PAN-ETDM-12M-S3-R,CERTEGO SERVIZI CONTINUATIVI,Non in inventario
Endpoint Detection - 150-249 Agents,20006,PAN-ETDM-COTR-S3,NUOVO CLIENTE CERTEGO SERVIZI CONTINUATIVI,Non in inventario
Endpoint Detection - 1500-1999 Agents,20001,PAN-ETDM-36M-S9-R,CERTEGO SERVIZI CONTINUATIVI,Non in inventario
Endpoint Detection - 1500-1999 Agents,20001,PAN-ETDM-COTR-S9-R,CERTEGO SERVIZI CONTINUATIVI,Non in inventario
Endpoint Detection - 1500-1999 Agents,20008,PAN-ETDM-12M-S9,NUOVO CERTEGO SERVIZI CUSTOM,Non in inventario
Endpoint Detection - 50-99 Agents,20001,PAN-ETDM-COTR-S1-R,CERTEGO SERVIZI CONTINUATIVI,Non in inventario
Endpoint Detection - 50-99 Agents,20006,PAN-ETDM-COTR-S1,NUOVO CLIENTE CERTEGO SERVIZI CONTINUATIVI,Non in inventario
Endpoint Detection - 500-749 Agents,20001,PAN-ETDM-COTR-S6-R,CERTEGO SERVIZI CONTINUATIVI,Non in inventario
Endpoint Detection - 500-749 Agents,20006,UNM-ETDM-36M-S6,NUOVO CLIENTE CERTEGO SERVIZI CONTINUATIVI,Non in inventario
Enterprise Security for Endpoints and Mail Servers Multi-Lan,6003,EB00198063,TREND MICRO PRIMA VENDITA,Inventario
Enterprise Security for Endpoints and Mail Servers Multi-Lan,6012,EB00198448,RINNOVO SOFTWARE TREND MICRO,Inventario
Enterprise Server - 10 AS,17001,SXWSWESXX00010,SISTEMI SCHNEIDER,Inventario
Enterprise Server - 10 AS,24001,SW-ES-10,BUILDING AUTOMATION,Inventario
Expressway Rich Media Session (1),4008,A-FLEX-EXPWY-RMS,CISCO VIDEOCONFERENZA/BOARD,Non in inventario
Expressway Rich Media Session (1),4015,A-FLEX-EXP-RMS,CISCO COLLABORATION A CANONE,Non in inventario
FACTORY INTEGRATED,3004,BD505A#0D1,CLOUD VARIE HW,Inventario
FACTORY INTEGRATED,3004,P21868-B21#0D1,CLOUD VARIE HW,Non in inventario
FACTORY INTEGRATED,3010,451871-B21/0D1,SERVER HP,Inventario
FACTORY INTEGRATED,3010,628061-B21/0D1,SERVER HP,Inventario
FACTORY INTEGRATED,3010,647907-B21/0D1,SERVER HP,Inventario
FACTORY INTEGRATED,3010,663202-B21/0D1,SERVER HP,Inventario
FACTORY INTEGRATED,3010,AF568A#0D1,SERVER HP,Inventario
FACTORY INTEGRATED,3010,P03178-B21#0D1,SERVER HP,Inventario
FACTORY INTEGRATED,3010,P44712-B21#0D1,SERVER HP,Inventario
FORTIMANAGER 1 YEAR - VM SUPPORT 24X7 FORTICARE CONTRACT (1,6007,FC2-10-M30042480212,FORTINET SECURITY,Non in inventario
FORTIMANAGER 1 YEAR - VM SUPPORT 24X7 FORTICARE CONTRACT (1,6013,FC310M30042480212R,RINNOVO FORTINET SECURITY,Inventario
Factory Integrated,3004,865438-B21#0D1,CLOUD VARIE HW,Non in inventario
Factory Integrated,3004,P00930-B21#0D1,CLOUD VARIE HW,Non in inventario
Factory Integrated,3004,P06035-B21#0D1,CLOUD VARIE HW,Inventario
Factory Integrated,3004,P10094-B21#0D1,CLOUD VARIE HW,Inventario
Factory Integrated,3004,P10115-B21#0D1,CLOUD VARIE HW,Inventario
Factory Integrated,3004,P14604-B21#0D1,CLOUD VARIE HW,Inventario
Factory Integrated,3004,P36924-B21#0D1,CLOUD VARIE HW,Inventario
Factory Integrated,3004,P40496-B21#0D1,CLOUD VARIE HW,Inventario
Factory Integrated,3004,P40498-B21#0D1,CLOUD VARIE HW,Inventario
Factory Integrated,3004,P43322-B21#0D1,CLOUD VARIE HW,Inventario
Factory Integrated,3004,P48895-B21#0D1,CLOUD VARIE HW,Inventario
Factory Integrated,3004,P49612-B21#0D1,CLOUD VARIE HW,Inventario
Factory Integrated,3004,P51181-B21#0D1,CLOUD VARIE HW,Inventario
Factory Integrated,3004,P52416-B21#0D1,CLOUD VARIE HW,Inventario
Factory Integrated,3004,P55439-B21#0D1,CLOUD VARIE HW,Inventario
Factory Integrated,3004,P9D93A#0D1,CLOUD VARIE HW,Non in inventario
Factory Integrated,3010,455883-B21#0D1,SERVER HP,Inventario
Factory Integrated,3010,733660-B21#0D1,SERVER HP,Inventario
Factory Integrated,3010,804331-B21#0D1,SERVER HP,Inventario
Factory Integrated,3010,817709-B21#0D1,SERVER HP,Inventario
Factory Integrated,3010,819201-B21#0D1,SERVER HP,Inventario
Factory Integrated,3010,819201-K21#0D1,SERVER HP,Inventario
Factory Integrated,3010,830824-B21#0D1,SERVER HP,Inventario
Factory Integrated,3010,865414-B21#0D1,SERVER HP,Inventario
Factory Integrated,3010,867809-B21#0D1,SERVER HP,Inventario
Factory Integrated,3010,P01366-B21#0D1,SERVER HP,Inventario
Factory Integrated,3010,P02377-B21#0D1,SERVER HP,Inventario
Factory Integrated,3010,P06033-B21#0D1,SERVER HP,Inventario
Factory Integrated,3010,P06035- B21#0D1,SERVER HP,Inventario
Factory Integrated,3010,P08443-B21#0D1,SERVER HP,Inventario
Factory Integrated,3010,P08449-B21#0D1,SERVER HP,Inventario
Factory Integrated,3010,P08458-B21#0D1,SERVER HP,Inventario
Factory Integrated,3010,P10097-B21#0D1,SERVER HP,Inventario
Factory Integrated,3010,P12965-B21#0D1,SERVER HP,Inventario
Factory Integrated,3010,P13771-B21#0D1,SERVER HP,Inventario
Factory Integrated,3010,P14581- B21#0D1,SERVER HP,Inventario
Factory Integrated,3010,P14587-B21#0D1,SERVER HP,Inventario
Factory Integrated,3010,P14589-B21#0D1,SERVER HP,Inventario
Factory Integrated,3010,P14608-B21#0D1,SERVER HP,Inventario
Factory Integrated,3010,P22018-B21#0D1,SERVER HP,Inventario
Factory Integrated,3010,P22020-B21#0D1,SERVER HP,Inventario
Factory Integrated,3010,P26259- B21#0D1,SERVER HP,Inventario
Factory Integrated,3010,P26259-B21#0D1,SERVER HP,Inventario
Factory Integrated,3010,P26269-B21#0D1,SERVER HP,Inventario
Factory Integrated,3010,P27095-B21#0D1,SERVER HP,Inventario
Factory Integrated,3010,P28787-B21#0D1,SERVER HP,Inventario
Factory Integrated,3010,P36922- B21#0D1,SERVER HP,Inventario
Factory Integrated,3010,P36931-B21#0D1,SERVER HP,Inventario
Factory Integrated,3010,P36937-B21#0D1,SERVER HP,Inventario
Factory Integrated,3010,P40430-B21#0D1,SERVER HP,Inventario
Factory Integrated,3010,P40497-B21#0D1,SERVER HP,Inventario
Factory Integrated,3010,P43328-B21#0D1,SERVER HP,Inventario
Factory Integrated,3010,P43331-B21#0D1,SERVER HP,Inventario
Factory Integrated,3010,P46212-B21#0D1,SERVER HP,Inventario
Factory Integrated,3010,P47789-B21#0D1,SERVER HP,Inventario
Factory Integrated,3010,P47808-B21#0D1,SERVER HP,Inventario
Factory Integrated,3010,P49598-B21#0D1,SERVER HP,Inventario
Factory Integrated,3010,P49603-B21#0D1,SERVER HP,Inventario
Factory Integrated,3010,P49653-B21#0D1,SERVER HP,Inventario
Factory Integrated,3010,P51178-B21#0D1,SERVER HP,Inventario
Factory Integrated,3010,P52351-B21#0D1,SERVER HP,Inventario
Factory Integrated,3010,P58335-B21#0D1,SERVER HP,Inventario
Factory Integrated,3010,Q0L14A#0D1,SERVER HP,Inventario
Factory Integrated,3010,R1C65A#0D1,SERVER HP,Inventario
Factory Integrated,3010,R2J62A#0D1,SERVER HP,Inventario
Factory integrated,3004,P00926-B21#0D1,CLOUD VARIE HW,Non in inventario
Factory integrated,3004,P02517-B21#0D1,CLOUD VARIE HW,Non in inventario
Factory integrated,3004,P08440-B21#0D1,CLOUD VARIE HW,Non in inventario
Factory integrated,3004,P26427-B21#0D1,CLOUD VARIE HW,Inventario
Factory integrated,3004,P26435-B21#0D1,CLOUD VARIE HW,Inventario
Factory integrated,3004,P26471-B21#0D1,CLOUD VARIE HW,Inventario
Factory integrated,3004,P26477-B21#0D1,CLOUD VARIE HW,Inventario
Factory integrated,3004,P26479-B21#0D1,CLOUD VARIE HW,Inventario
Factory integrated,3004,P26485-B21#0D1,CLOUD VARIE HW,Inventario
Factory integrated,3004,P48920-B21#0D1,CLOUD VARIE HW,Inventario
Factory integrated,3004,P64336-B21#0D1,CLOUD VARIE HW,Inventario
Factory integrated,3004,P64707-B21#0D1,CLOUD VARIE HW,Inventario
Factory integrated,3004,P65104-B21#0D1,CLOUD VARIE HW,Inventario
Factory integrated,3004,P65106-B21#0D1,CLOUD VARIE HW,Inventario
Factory integrated,3004,P67850-B21#0D1,CLOUD VARIE HW,Inventario
Factory integrated,3004,P9D94A#0D1,CLOUD VARIE HW,Non in inventario
Factory integrated,3010,P48183-B21#0D1,SERVER HP,Inventario
Factory integrated,3010,P48813-B21#0D1,SERVER HP,Inventario
Factory integrated,3010,P48818-B21#0D1,SERVER HP,Inventario
Factory integrated,3010,P48820-B21#0D1,SERVER HP,Inventario
Factory integrated,3010,P48830-B21#0D1,SERVER HP,Inventario
Factory integrated,3010,P48896-B21#0D1,SERVER HP,Inventario
Factory integrated,3010,P48899-B21#0D1,SERVER HP,Inventario
Factory integrated,3010,P48904-B21#0D1,SERVER HP,Inventario
Factory integrated,3010,P48905-B21#0D1,SERVER HP,Inventario
Factory integrated,3010,P48907-B21#0D1,SERVER HP,Inventario
Factory integrated,3010,P48908-B21#0D1,SERVER HP,Inventario
Factory integrated,3010,P48910-B21#0D1,SERVER HP,Inventario
Factory integrated,3010,P48918-B21#0D1,SERVER HP,Inventario
Factory integrated,3010,P50450-B21#0D1,SERVER HP,Inventario
Factory integrated,3010,P51083-B21#0D1,SERVER HP,Inventario
Factory integrated,3010,P51911-B21#0D1,SERVER HP,Inventario
Factory integrated,3010,P52152-B21#0D1,SERVER HP,Inventario
Factory integrated,3010,P52341-B21#0D1,SERVER HP,Inventario
Factory integrated,3010,P52756-B21#0D1,SERVER HP,Inventario
Factory integrated,3010,P52786-B21#0D1,SERVER HP,Inventario
Factory integrated,3010,P54697-B21#0D1,SERVER HP,Inventario
Factory integrated,3010,P54702-B21#0D1,SERVER HP,Inventario
Factory integrated,3010,P64706-B21#0D1,SERVER HP,Inventario
Factory integrated,3010,P67080-B21#0D1,SERVER HP,Inventario
FiberX Series - HDMI 4K Fiber Extender Cable - 10m,3004,FX-I350-010,CLOUD VARIE HW,Inventario
FiberX Series - HDMI 4K Fiber Extender Cable - 10m,4009,66FX-I350-010,AUDIO VIDEO - TELEPRESENCE ROOM,Inventario
FiberX USB3 Exten TypeA M/F 10m,4007,66FX-I650-010,INSTALLAZIONE COLLABORATION,Inventario
FiberX USB3 Exten TypeA M/F 10m,4009,66FX-I550-010,AUDIO VIDEO - TELEPRESENCE ROOM,Inventario
Forcepoint TRITON Web Security Gateway Anywhere Software,6009,WSGA-J-CP13-S,FORCEPOINT SECURITY,Inventario
Forcepoint TRITON Web Security Gateway Anywhere Software,6009,WSGA-J-CP36-R,FORCEPOINT SECURITY,Inventario
Forcepoint TRITON Web Security Gateway Anywhere Software,6009,WSGA-K-CP25-S,FORCEPOINT SECURITY,Inventario
Forcepoint TRITON Web Security Gateway Anywhere Software,6016,WSGA-I-CP12-R,RINNOVO FORCEPOINT SECURITY,Inventario
Forcepoint V5000 G4 Extended Warranty - NBD Warranty,6009,V5KG4EHW-0-XX24-X-N,FORCEPOINT SECURITY,Non in inventario
Forcepoint V5000 G4 Extended Warranty - NBD Warranty,6016,V5KG4EHW-0-XX24-X-R-,RINNOVO FORCEPOINT SECURITY,Non in inventario
FortiAuthenticator - VM License 24x7 Comprehensive FortiCare,6007,FC1100ACVM2480212R,FORTINET SECURITY,Inventario
FortiAuthenticator - VM License 24x7 Comprehensive FortiCare,6013,FC1100ACVM2480212,RINNOVO FORTINET SECURITY,Non in inventario
FortiCare Premium Support,6007,FC-10-F108P-247-0212,FORTINET SECURITY,Non in inventario
FortiCare Premium Support,6007,FC10FG4VM2480236,FORTINET SECURITY,Non in inventario
FortiCare Premium Support,6007,FC-10-GT70G-247-0236,FORTINET SECURITY,Inventario
FortiCare Premium Support,6007,FC-10-W248E-247-0236,FORTINET SECURITY,Non in inventario
FortiCare Premium Support,6007,FC-10-W248E-24702DD,FORTINET SECURITY,Non in inventario
FortiCare Premium Support,6007,FC-10-X101A-247-0236,FORTINET SECURITY,Non in inventario
FortiCare Premium Support,6007,FC-10-X511F-247-0212,FORTINET SECURITY,Non in inventario
FortiCare Premium Support,6013,FC-10-0060F-247-0212,RINNOVO FORTINET SECURITY,Non in inventario
"FortiGate Cloud Management, Analysis and 1 Year Log Retention",6007,FC10002051310212,FORTINET SECURITY,Non in inventario
"FortiGate Cloud Management, Analysis and 1 Year Log Retention",6007,FC100040F1310212,FORTINET SECURITY,Non in inventario
"FortiGate Cloud Management, Analysis and 1 Year Log Retention",6007,FC100060F1310212.,FORTINET SECURITY,Non in inventario
"FortiGate Cloud Management, Analysis and 1 Year Log Retention",6007,FC100080F1310236,FORTINET SECURITY,Non in inventario
"FortiGate Cloud Management, Analysis and 1 Year Log Retention",6007,FC1000E801310212,FORTINET SECURITY,Non in inventario
"FortiGate Cloud Management, Analysis and 1 Year Log Retention",6007,FC10F100F1310236,FORTINET SECURITY,Non in inventario
"FortiGate Cloud Management, Analysis and 1 Year Log Retention",6013,FC100060F1310236,RINNOVO FORTINET SECURITY,Non in inventario
"FortiGate Cloud Management, Analysis and 1 Year Log Retention",6013,FC-10-0061E-131-02-1,RINNOVO FORTINET SECURITY,Inventario
FortiGate-VM04V 1 Year 24x7 Comprehensive FortiCare,6009,FC-10-FG4VM-248-0212,FORCEPOINT SECURITY,Non in inventario
FortiGate-VM04V 1 Year 24x7 Comprehensive FortiCare,6013,FC10FG4VM2480212R,RINNOVO FORTINET SECURITY,Non in inventario
G3 - Z. di base mand. front. cl.2 (RAL9003),17001,21ZB176CDZ,SISTEMI SCHNEIDER,Inventario
G3 - Z. di base mand. front. cl.2 (RAL9003),17005,21ZB178CDZ,ALTRO DATA CENTER,Inventario
Gold support (1 Year),2006,W1-SG-BYPS-EXT-8P-CO,APPARATI VARI,Non in inventario
Gold support (1 Year),2012,W1-SPA-CS-ANALY10KAS,APPARATI ALLOT,Inventario
Gold support (1 Year),2012,W1-SPA-CS-DWH100G10T,APPARATI ALLOT,Inventario
HP Care Pack Premium Onsite Support - 3 Anni - Garanzia - 9 x 5 x Il Giorno Successivo - On-site - M,3004,U85DSE,CLOUD VARIE HW,Non in inventario
HP Care Pack Premium Onsite Support - 3 Anni - Garanzia - 9 x 5 x Il Giorno Successivo - On-site - M,3005,U86DVE,CLOUD VARIE SW,Non in inventario
HPE DL360 Gen11 Support,3004,HU4A6A300DJ,CLOUD VARIE HW,Non in inventario
HPE DL360 Gen11 Support,3010,HU4A6A500DJ,SERVER HP,Non in inventario
HPE DL360 Gen11 Support,3010,HU4B2A300DJ,SERVER HP,Non in inventario
HPE DL360 Gen11 Support,3010,HU4B2A400DJ,SERVER HP,Non in inventario
HPE DL38x Gen10 Support,3002,H7J32A3#WAH,SOFTWARE MICROSOFT,Non in inventario
HPE DL38x Gen10 Support,3004,HU4B2A3#WAH,CLOUD VARIE HW,Inventario
HPE Foundation Care 24x7 Service Post Warranty,3004,U2JF6PE,CLOUD VARIE HW,Non in inventario
HPE Foundation Care 24x7 Service Post Warranty,3004,U6RD0PE,CLOUD VARIE HW,Non in inventario
HPE Foundation Care 24x7 Service Post Warranty,3005,H6HC4PE,CLOUD VARIE SW,Non in inventario
HPE Foundation Care 24x7 Service Post Warranty,3005,H6HE4PE,CLOUD VARIE SW,Non in inventario
HPE Learn Credits for Compute IT SVC,3004,H33XSA1,CLOUD VARIE HW,Non in inventario
HPE Learn Credits for Compute IT SVC,3010,H33XSE,SERVER HP,Non in inventario
HPE Proliant DL360 Gen10+ Support,3004,HU4B2A5#ZSA,CLOUD VARIE HW,Non in inventario
HPE Proliant DL360 Gen10+ Support,3010,HU4A6A3#ZSA,SERVER HP,Non in inventario
HPE Proliant DL360 Gen10+ Support,3010,HU4B2A3#ZSA,SERVER HP,Inventario
HPE Rdnt 2m 10A C13-C14 JprCord,3004,AF573A,CLOUD VARIE HW,Inventario
HPE Rdnt 2m 10A C13-C14 JprCord,3010,AF573A#0D1,SERVER HP,Inventario
Harmony Email & Collaboration - Advanced Protect (Email and Applications),6002,CP-HAR-EC-DMARC-T2-Y,CHECKPOINT SECURITY,Non in inventario
Harmony Email & Collaboration - Advanced Protect (Email and Applications),6011,CPHARECADVEMAILRENT2,RINNOVO CHECKPOINT SECURITY,Non in inventario
Harmony Email- Advanced : Secure Office 365 Email and Gmail with Anti-phishing and Anti-malware URL,6002,CPHAREADVEMAILT2Y,CHECKPOINT SECURITY,Inventario
Harmony Email- Advanced : Secure Office 365 Email and Gmail with Anti-phishing and Anti-malware URL,6011,CPHAREADVEMAILT2Y.,RINNOVO CHECKPOINT SECURITY,Non in inventario
Harmony Endpoint Basic- Including Web Protection Attack Investigation Threat Prevention Access,6002,CP-HAR-EPBASICREN1Y,CHECKPOINT SECURITY,Inventario
Harmony Endpoint Basic- Including Web Protection Attack Investigation Threat Prevention Access,6011,CP-HAR-EPBASICREN1Y.,RINNOVO CHECKPOINT SECURITY,Non in inventario
Harmony Mobile per-user single device subscription for 1 year,6002,CP-HAR-MOBILE-DVC-1Y,CHECKPOINT SECURITY,Non in inventario
Harmony Mobile per-user single device subscription for 1 year,6002,CPHARMOBILEDVCREN1Y,CHECKPOINT SECURITY,Inventario
Harmony Mobile per-user single device subscription for 1 year,6011,CPHARMOBILEDVCREN1Y.,RINNOVO CHECKPOINT SECURITY,Non in inventario
INCLUDED: Power Cord - Europe localization,2002,JL259A      ABB,APPARATI CISCO LAN,Inventario
INCLUDED: Power Cord - Europe localization,2005,JL086A      ABB,APPARATI HP,Inventario
INCLUDED: Power Cord - Europe localization,2005,JL087A#ABB,APPARATI HP,Inventario
IOS XE Autonomous boot up mode for Unified image,2003,IOSXE-AUTO-MODE-PF,APPARATI CISCO WAN,Non in inventario
IOS XE Autonomous boot up mode for Unified image,2006,IOSXE-AUTO-MODE,APPARATI VARI,Inventario
IaaS Detection - 50-99 Assets,20001,PAN-IADM-12M-S1,CERTEGO SERVIZI CONTINUATIVI,Non in inventario
IaaS Detection - 50-99 Assets,20001,PAN-IADM-36M-S1-R,CERTEGO SERVIZI CONTINUATIVI,Non in inventario
IaaS Detection - 50-99 Assets,20006,PAN-IADM-36M-S1,NUOVO CLIENTE CERTEGO SERVIZI CONTINUATIVI,Non in inventario
Included WebEx Storage (1),4008,A-SPK-WXSTG-X,CISCO VIDEOCONFERENZA/BOARD,Inventario
Included WebEx Storage (1),4015,A-SPK-NU-WXSTG-X,CISCO COLLABORATION A CANONE,Non in inventario
Including Sandboxing Web Protection Attack Investigation Threat Prevention Access Control and Threat,6002,CPHAREPADVANCEDREN1Y,CHECKPOINT SECURITY,Inventario
Including Sandboxing Web Protection Attack Investigation Threat Prevention Access Control and Threat,6011,CPHAREPADVANCEDREN1,RINNOVO CHECKPOINT SECURITY,Non in inventario
Intel 4309Y 2.8GHz/105W 8C/12MB DDR4 2667MHz,3009,UCS-CPU-I4309Y,SERVER CISCO,Inventario
Intel 4309Y 2.8GHz/105W 8C/12MB DDR4 2667MHz,3030,HX-CPU-I4309Y,STORAGE IPERCONVERGENZA CISCO,Inventario
Intel 6326 2.9GHz/185W 16C/24MB DDR4 3200MHz,3009,UCS-CPU-I6326,SERVER CISCO,Inventario
Intel 6326 2.9GHz/185W 16C/24MB DDR4 3200MHz,3009,UCSX-CPU-I6326,SERVER CISCO,Inventario
Intel 6326 2.9GHz/185W 16C/24MB DDR4 3200MHz,3030,HX-CPU-I6326,STORAGE IPERCONVERGENZA CISCO,Inventario
Intel 6334 3.6GHz/165W 8C/18MB DDR4 3200MHz,3009,UCSX-CPU-I6334,SERVER CISCO,Inventario
Intel 6334 3.6GHz/165W 8C/18MB DDR4 3200MHz,3030,HX-CPU-I6334,STORAGE IPERCONVERGENZA CISCO,Inventario
MAINTENANCE,3004,MAINTENANCE,CLOUD VARIE HW,Non in inventario
MAINTENANCE,6004,RINNOVO SPLUNK,ALTRO SECURITY,Inventario
MARATHON SOFTWARE MAINTENANCE AGREEMENT 1 YEAR,3004,SMA.,CLOUD VARIE HW,Non in inventario
MARATHON SOFTWARE MAINTENANCE AGREEMENT 1 YEAR,4004,SMA,TELEFONIA SOFTWARE,Inventario
MERAKI MX60 CLOUD MANAGED SECURITY APPLIANCE,2016,MX64-HW,CISCO MERAKI,Inventario
MERAKI MX60 CLOUD MANAGED SECURITY APPLIANCE,6001,MX60-HW,CISCO SECURITY,Inventario
MORS/PIASTRINA TERMINALE X CBD2,1002,CBRCB2/PT,CABLAGGIO ALTERNATIVO,Inventario
MORS/PIASTRINA TERMINALE X CBD2,1003,CB2/PT,TBD******,Inventario
Meetings Toll Dial-In Audio (1),4008,A-AUD-TOLLDIALIN,CISCO VIDEOCONFERENZA/BOARD,Non in inventario
Meetings Toll Dial-In Audio (1),4015,A-FLEX-TOLL-DIALIN,CISCO COLLABORATION A CANONE,Non in inventario
"Meraki MX85 Advanced Security License and Support, 3YR",2016,LIC-MX85-SEC-3Y,CISCO MERAKI,Inventario
"Meraki MX85 Advanced Security License and Support, 3YR",6001,LIC-MX85-SEC-3YR,CISCO SECURITY,Inventario
"Meraki Z3 Enterprise License and Support, 3YR",2002,LIC-Z3-ENT-3Y,APPARATI CISCO LAN,Inventario
"Meraki Z3 Enterprise License and Support, 3YR",2016,LIC-Z3-ENT-3YR,CISCO MERAKI,Inventario
"Metallic Office 365 Backup & Recovery eDiscovery Edition, Prepaid Subscription - 1 Year, Tier A, Mon",3031,MTL-O365ED-USR-A,SOLUZIONE BACKUP ALTRO,Inventario
"Metallic Office 365 Backup & Recovery eDiscovery Edition, Prepaid Subscription - 1 Year, Tier A, Mon",3032,MTL-O365ED-USR-A-R,RINNOVO SOLUZIONE BACKUP ALTRO,Inventario
Microsoft 365 Business Basic,3002,SK103997,SOFTWARE MICROSOFT,Non in inventario
Microsoft 365 Business Basic,3015,CFQ7TTC0LH18:0001.,RINNOVO SOFTWARE MICROSOFT,Non in inventario
Microsoft 365 Business Premium,3002,SK16346,SOFTWARE MICROSOFT,Non in inventario
Microsoft 365 Business Premium,3015,CFQ7TTC0LCHC:0002,RINNOVO SOFTWARE MICROSOFT,Non in inventario
Microsoft 365 E3 (Nonprofit Staff Pricing),3002,F7AD4EAF-F2EF,SOFTWARE MICROSOFT,Non in inventario
Microsoft 365 E3 (Nonprofit Staff Pricing),3015,CFQ7TTC0LFLX:001G,RINNOVO SOFTWARE MICROSOFT,Non in inventario
Microsoft Extended Hardware Service Plan,3004,A9W-00007,CLOUD VARIE HW,Inventario
Microsoft Extended Hardware Service Plan,3005,VP4-00032,CLOUD VARIE SW,Non in inventario
Microsoft Surface Adattatore USB-C To HDMI,2006,‎HFM-00007,APPARATI VARI,Inventario
Microsoft Surface Adattatore USB-C To HDMI,4002,B079TSVVLS,ALTRO MATERIALE,Inventario
Microsoft Teams Essentials (AAD Identity),3002,CFQ7TTC0JN4R:0002:P1,SOFTWARE MICROSOFT,Non in inventario
Microsoft Teams Essentials (AAD Identity),3015,CFQ7TTC0JN4R:0002,RINNOVO SOFTWARE MICROSOFT,Non in inventario
Minimum Quantity =10,2,C9115AXI-MULTI,APPARATI,Inventario
Minimum Quantity =10,2001,C9105AXW-MULTI,APPARATI CISCO WIRELESS,Inventario
Modulo di espansione I/O per Automation server,1011,SXWDI16XX10001,BUILDING AUTOMATION,Inventario
Modulo di espansione I/O per Automation server,1011,SXWDOA12X10001,BUILDING AUTOMATION,Inventario
Modulo di espansione I/O per Automation server,24001,SXWDOA12H10001,BUILDING AUTOMATION,Inventario
"Monitor 55"" UHD",4008,55UL3G,CISCO VIDEOCONFERENZA/BOARD,Inventario
"Monitor 55"" UHD",4009,55UH5C-B.AEU,AUDIO VIDEO - TELEPRESENCE ROOM,Inventario
Monthly Basic Maintenance Renewal - Veeam Backup & Replicati,3011,V-VBRENT-VS-P01MR-00,SOFTWARE VMWARE,Inventario
Monthly Basic Maintenance Renewal - Veeam Backup & Replicati,3032,V-VBRPLS-VS-P01MR-00,RINNOVO SOLUZIONE BACKUP ALTRO,Inventario
NON USARE,17,WEXTWAR3YR-SP-05,DATACENTER INFRASTRUCTURE,Inventario
NON USARE,17001,WADV1PEAA,SISTEMI SCHNEIDER,Inventario
NON USARE,17001,WADVEAA-AA-01,SISTEMI SCHNEIDER,Inventario
NON USARE,17001,WADVULTRA-EZ-40,SISTEMI SCHNEIDER,Inventario
NON USARE,17001,WASSEM5X8-5R-PX-20,SISTEMI SCHNEIDER,Inventario
NON USARE,17001,WASSEM5X8-AX-15,SISTEMI SCHNEIDER,Inventario
NON USARE,17001,WASSEM5X8-AX-21,SISTEMI SCHNEIDER,Inventario
NON USARE,17001,WASSEMEXBAT-LB-17,SISTEMI SCHNEIDER,Inventario
NON USARE,17001,WASSEMNB-NB-10,SISTEMI SCHNEIDER,Inventario
NON USARE,17001,WASSEMPDU5X8-PD-20,SISTEMI SCHNEIDER,Inventario
NON USARE,17001,WEXTWAR1YR-NB-02,SISTEMI SCHNEIDER,Inventario
NON USARE,17001,WEXTWAR3YR-SP-04,SISTEMI SCHNEIDER,Inventario
NON USARE,17001,WUPG4HR-UG-01,SISTEMI SCHNEIDER,Inventario
NON USARE,17001,WUPG4HR-UG-02,SISTEMI SCHNEIDER,Inventario
NON USARE,17008,WADVEAA-UF-00,SERVIZI SISTEMI SCHNEIDER,Inventario
NON USARE,17008,WUPG4HR-UF-00,SERVIZI SISTEMI SCHNEIDER,Inventario
NON USARE,24001,WEXTWAR3YR-SP-03,BUILDING AUTOMATION,Inventario
NON USARE,6001,E3S-ISE-PRM,CISCO SECURITY,Inventario
NON USARE,99004,WASSEM5X8-2-AX-26,TERZISTI DELIVERY INSTALLAZIONI,Inventario
NON USARE,99004,WASSEM5X8-3-AX-26,TERZISTI DELIVERY INSTALLAZIONI,Inventario
NON USARE,99004,WASSEM5X8-3R-PX-10,TERZISTI DELIVERY INSTALLAZIONI,Inventario
NON USARE,99004,WASSEM5X8-AX-20,TERZISTI DELIVERY INSTALLAZIONI,Inventario
NON USARE,99004,WASSEMPDU5X8-PD-30,TERZISTI DELIVERY INSTALLAZIONI,Inventario
"Nastro per etichettatrici Brady 9,53 mm x 6,4 m Nero su Bianco",1002,M21-375-488,CABLAGGIO ALTERNATIVO,Inventario
"Nastro per etichettatrici Brady 9,53 mm x 6,4 m Nero su Bianco",3004,M21-375-7425,CLOUD VARIE HW,Inventario
"Nastro per etichettatrici Brady 9,53 mm x 6,4 m Nero su Bianco",4002,M21-375-595-WT,ALTRO MATERIALE,Inventario
NetBotz Assembly Service for up to 3 Appliances and Associated Accessories for 7-Series - 2-Series,17001,WASSEMNBA-NB-20,SISTEMI SCHNEIDER,Non in inventario
NetBotz Assembly Service for up to 3 Appliances and Associated Accessories for 7-Series - 2-Series,17007,WASSEMPDU5X8-PD-20.,INSTALLAZIONE DATA CENTER,Non in inventario
Network Detection - 100-149 IPs,20001,PAN-NTDM-36M-S2-R,CERTEGO SERVIZI CONTINUATIVI,Non in inventario
Network Detection - 100-149 IPs,20006,PAN-NTDM-12M-S2,NUOVO CLIENTE CERTEGO SERVIZI CONTINUATIVI,Non in inventario
Network Detection - 3500-4999 IPs,20001,PAN-NTDM-COTR-SC-R,CERTEGO SERVIZI CONTINUATIVI,Non in inventario
Network Detection - 3500-4999 IPs,20006,UNM-NTDM-36M-SC,NUOVO CLIENTE CERTEGO SERVIZI CONTINUATIVI,Non in inventario
Network Sensor - L,20001,PAN-NS200-12M-R,CERTEGO SERVIZI CONTINUATIVI,Non in inventario
Network Sensor - L,20006,PAN-NS200-12M,NUOVO CLIENTE CERTEGO SERVIZI CONTINUATIVI,Non in inventario
Network Sensor - VM,20001,PAN-NSVE-COTR-R,CERTEGO SERVIZI CONTINUATIVI,Non in inventario
Network Sensor - VM,20006,PAN-NSVE-COTR,NUOVO CLIENTE CERTEGO SERVIZI CONTINUATIVI,Non in inventario
Network Sensor - XL,20001,PAN-NS400-36M-R,CERTEGO SERVIZI CONTINUATIVI,Non in inventario
Network Sensor - XL,20006,UNM-NS400-36M,NUOVO CLIENTE CERTEGO SERVIZI CONTINUATIVI,Non in inventario
Network Tactical Response - L,20001,PAN-TACM-12M-L-R,CERTEGO SERVIZI CONTINUATIVI,Non in inventario
Network Tactical Response - L,20001,PAN-TACM-COTR-L-R,CERTEGO SERVIZI CONTINUATIVI,Non in inventario
Network Tactical Response - L,20006,PAN-TACM-12M-L,NUOVO CLIENTE CERTEGO SERVIZI CONTINUATIVI,Non in inventario
Network Tactical Response - S,20001,PAN-TACM-12M-R,CERTEGO SERVIZI CONTINUATIVI,Non in inventario
Network Tactical Response - S,20001,PAN-TACM-36M-S-R,CERTEGO SERVIZI CONTINUATIVI,Non in inventario
Network Tactical Response - S,20006,PAN-TACM-COTR-S,NUOVO CLIENTE CERTEGO SERVIZI CONTINUATIVI,Non in inventario
Network Tactical Response - XL,20001,PAN-TACM-COTR-XL-R,CERTEGO SERVIZI CONTINUATIVI,Non in inventario
Network Tactical Response - XL,20006,UNM-TACM-36M-XL,NUOVO CLIENTE CERTEGO SERVIZI CONTINUATIVI,Non in inventario
Next Generation Firewall Package for additional 1 year for 3800 Base Appliance,6002,CPSB-NGFW-3800-1Y,CHECKPOINT SECURITY,Inventario
Next Generation Firewall Package for additional 1 year for 3800 Base Appliance,6011,CPSB-NGFW-3800-1Y.,RINNOVO CHECKPOINT SECURITY,Non in inventario
Next Generation Threat Prevention and Sandblast for additional 1 year for 3600 Base Appliance,6002,CPSB-SNBT-3600-1Y,CHECKPOINT SECURITY,Inventario
Next Generation Threat Prevention and Sandblast for additional 1 year for 3600 Base Appliance,6011,CPSB-SNBT-3600-1Y.,RINNOVO CHECKPOINT SECURITY,Non in inventario
Next Generation Threat Prevention and Sandblast for additional 1 year for 6200PLUS Appliance,6002,CPSB-SNBT-6200-PLUS1,CHECKPOINT SECURITY,Inventario
Next Generation Threat Prevention and Sandblast for additional 1 year for 6200PLUS Appliance,6011,CPSB-SNBT-6200,RINNOVO CHECKPOINT SECURITY,Non in inventario
Next Generation Threat Prevention for additional 2 years for 7000 PLUS Appliance,6002,CPSB-NGTP-7000-PLUS-,CHECKPOINT SECURITY,Inventario
Next Generation Threat Prevention for additional 2 years for 7000 PLUS Appliance,6011,CPSB-NGTP-7000-PLUS,RINNOVO CHECKPOINT SECURITY,Non in inventario
"OPT OUT, TPM 2.0, TCG, FIPS140-2, CC EAL4+ Certified",3009,UCSX-TPM-OPT-OUT-D,SERVER CISCO,Inventario
"OPT OUT, TPM 2.0, TCG, FIPS140-2, CC EAL4+ Certified",3030,UCSX-TPM-OPT-OUT,STORAGE IPERCONVERGENZA CISCO,Inventario
Office 365 E3,3002,SK4699,SOFTWARE MICROSOFT,Non in inventario
Office 365 E3,3015,CFQ7TTC0LF8R:0001,RINNOVO SOFTWARE MICROSOFT,Non in inventario
POWER BI PRO,3002,SK16369,SOFTWARE MICROSOFT,Non in inventario
POWER BI PRO,3015,SK5447,RINNOVO SOFTWARE MICROSOFT,Non in inventario
PR.MOB.IP44 3PNT 32A 380V CR,1003,MGPKY32M435,TBD******,Inventario
PR.MOB.IP44 3PNT 32A 380V CR,17001,PKY32M435,SISTEMI SCHNEIDER,Inventario
PRODUCT 3RD PARTY HARDWARE OTHER END PANEL 42U 1200MM AISLE DEPTH,17001,QCONTAINMENT-QPBE657,SISTEMI SCHNEIDER,Inventario
PRODUCT 3RD PARTY HARDWARE OTHER END PANEL 42U 1200MM AISLE DEPTH,17005,QCONT-QPBE65758-03,ALTRO DATA CENTER,Inventario
PRODUCT 3RD PARTY HARDWARE OTHER END PANEL 42U 1200MM AISLE DEPTH,17005,QCONT-QPBE6578-02,ALTRO DATA CENTER,Inventario
PWRSPLY AC/DC for IR829,2003,R829-PWR125W-AC,APPARATI CISCO WAN,Inventario
PWRSPLY AC/DC for IR829,2015,IR829-PWR125W-AC,APPARATI CISCO IOT,Inventario
PanOptikon Dark Web Scanner Module – 12M – Medium Company (Max 20 keywords),20001,PAN-DWSM-12M-M-R,CERTEGO SERVIZI CONTINUATIVI,Non in inventario
PanOptikon Dark Web Scanner Module – 12M – Medium Company (Max 20 keywords),20006,PAN-DWSM-12M-M,NUOVO CLIENTE CERTEGO SERVIZI CONTINUATIVI,Non in inventario
PanOptikon Endpoint Threat Detection Module – 12M - 100-149 Agents,20001,PAN-ETDM-12M-S2-R,CERTEGO SERVIZI CONTINUATIVI,Non in inventario
PanOptikon Endpoint Threat Detection Module – 12M - 100-149 Agents,20006,PAN-ETDM-12M-S2,NUOVO CLIENTE CERTEGO SERVIZI CONTINUATIVI,Non in inventario
PanOptikon Endpoint Threat Detection Module – 12M - 250-349 Agents,20001,PAN-ETDM-12M-S4-R,CERTEGO SERVIZI CONTINUATIVI,Non in inventario
PanOptikon Endpoint Threat Detection Module – 12M - 250-349 Agents,20006,PAN-ETDM-12M-S4,NUOVO CLIENTE CERTEGO SERVIZI CONTINUATIVI,Non in inventario
PanOptikon Endpoint Threat Detection Module – 12M - 350-499 Agents,20001,PAN-ETDM-12M-S5-R,CERTEGO SERVIZI CONTINUATIVI,Non in inventario
PanOptikon Endpoint Threat Detection Module – 12M - 350-499 Agents,20006,PAN-ETDM-12M-S5,NUOVO CLIENTE CERTEGO SERVIZI CONTINUATIVI,Non in inventario
PanOptikon Endpoint Threat Detection Module – 12M - 50-99 Agents,20001,PAN-ETDM-12M-S1-R,CERTEGO SERVIZI CONTINUATIVI,Non in inventario
PanOptikon Endpoint Threat Detection Module – 12M - 50-99 Agents,20006,PAN-ETDM-12M-S1,NUOVO CLIENTE CERTEGO SERVIZI CONTINUATIVI,Non in inventario
PanOptikon Endpoint Threat Detection Module – 12M - 750-999 Agents,20001,PAN-ETDM-12M-S7-R,CERTEGO SERVIZI CONTINUATIVI,Non in inventario
PanOptikon Endpoint Threat Detection Module – 12M - 750-999 Agents,20006,PAN-ETDM-12M-S7,NUOVO CLIENTE CERTEGO SERVIZI CONTINUATIVI,Non in inventario
PanOptikon Endpoint Threat Detection Module – 36M - 100-149 Agents,20001,PAN-ETDM-36M-S2-R,CERTEGO SERVIZI CONTINUATIVI,Non in inventario
PanOptikon Endpoint Threat Detection Module – 36M - 100-149 Agents,20006,PAN-ETDM-36M-S2,NUOVO CLIENTE CERTEGO SERVIZI CONTINUATIVI,Non in inventario
PanOptikon Endpoint Threat Detection Module – 36M - 150-249 Agents,20001,PAN-ETDM-36M-S3-R,CERTEGO SERVIZI CONTINUATIVI,Non in inventario
PanOptikon Endpoint Threat Detection Module – 36M - 150-249 Agents,20006,PAN-ETDM-36M-S3,NUOVO CLIENTE CERTEGO SERVIZI CONTINUATIVI,Non in inventario
PanOptikon Endpoint Threat Detection Module – 36M - 250-349 Agents,20001,PAN-ETDM-36M-S4-R,CERTEGO SERVIZI CONTINUATIVI,Non in inventario
PanOptikon Endpoint Threat Detection Module – 36M - 250-349 Agents,20006,PAN-ETDM-36M-S4,NUOVO CLIENTE CERTEGO SERVIZI CONTINUATIVI,Non in inventario
PanOptikon Endpoint Threat Detection Module – 36M - 50-99 Agents,20001,PAN-ETDM-36M-S1-R,CERTEGO SERVIZI CONTINUATIVI,Non in inventario
PanOptikon Endpoint Threat Detection Module – 36M - 50-99 Agents,20006,PAN-ETDM-36M-S1,NUOVO CLIENTE CERTEGO SERVIZI CONTINUATIVI,Non in inventario
PanOptikon Endpoint Threat Detection Module – 36M - 500-749 Agents,20001,PAN-ETDM-36M-S6-R,CERTEGO SERVIZI CONTINUATIVI,Non in inventario
PanOptikon Endpoint Threat Detection Module – 36M - 500-749 Agents,20006,PAN-ETDM-36M-S6,NUOVO CLIENTE CERTEGO SERVIZI CONTINUATIVI,Non in inventario
PanOptikon Network Threat Detection Module - 12M - 1000-1499 IP,20001,PAN-NTDM-12M-S8-R,CERTEGO SERVIZI CONTINUATIVI,Non in inventario
PanOptikon Network Threat Detection Module - 12M - 1000-1499 IP,20006,PAN-NTDM-12M-S8,NUOVO CLIENTE CERTEGO SERVIZI CONTINUATIVI,Non in inventario
PanOptikon Network Threat Detection Module - 12M - 250-349 IP,20001,PAN-NTDM-12M-S4-R,CERTEGO SERVIZI CONTINUATIVI,Non in inventario
PanOptikon Network Threat Detection Module - 12M - 250-349 IP,20006,PAN-NTDM-12M-S4,NUOVO CLIENTE CERTEGO SERVIZI CONTINUATIVI,Non in inventario
PanOptikon Network Threat Detection Module - 12M - 500-749 IP,20001,PAN-NTDM-12M-S6-R,CERTEGO SERVIZI CONTINUATIVI,Non in inventario
PanOptikon Network Threat Detection Module - 12M - 500-749 IP,20006,PAN-NTDM-12M-S6,NUOVO CLIENTE CERTEGO SERVIZI CONTINUATIVI,Non in inventario
PanOptikon Network Threat Detection Module - 12M - 5000-9999 IP,20001,PAN-NTDM-12M-SD-R,CERTEGO SERVIZI CONTINUATIVI,Non in inventario
PanOptikon Network Threat Detection Module - 12M - 5000-9999 IP,20006,PAN-NTDM-12M-SD,NUOVO CLIENTE CERTEGO SERVIZI CONTINUATIVI,Non in inventario
PanOptikon Network Threat Detection Module - 36M - 1000-1499 IP,20001,PAN-NTDM-36M-S8-M,CERTEGO SERVIZI CONTINUATIVI,Non in inventario
PanOptikon Network Threat Detection Module - 36M - 1000-1499 IP,20001,PAN-NTDM-36M-S8-R,CERTEGO SERVIZI CONTINUATIVI,Non in inventario
PanOptikon Network Threat Detection Module - 36M - 1000-1499 IP,20006,PAN-NTDM-36M-S8,NUOVO CLIENTE CERTEGO SERVIZI CONTINUATIVI,Non in inventario
PanOptikon SOAR Platform - Premium Service - 12M - 3500-4999 Assets,20001,PAN-SOAR-12M-PC-R,CERTEGO SERVIZI CONTINUATIVI,Non in inventario
PanOptikon SOAR Platform - Premium Service - 12M - 3500-4999 Assets,20006,PAN-SOAR-12M-PC,NUOVO CLIENTE CERTEGO SERVIZI CONTINUATIVI,Non in inventario
PanOptikon SOAR Platform - Premium Service - 12M - 5000-9999 Assets,20001,PAN-SOAR-12M-PD-R,CERTEGO SERVIZI CONTINUATIVI,Non in inventario
PanOptikon SOAR Platform - Premium Service - 12M - 5000-9999 Assets,20006,PAN-SOAR-12M-PD,NUOVO CLIENTE CERTEGO SERVIZI CONTINUATIVI,Non in inventario
PanOptikon SOAR Platform - Premium Service - 3500-4999 Assets,20001,PAN-SOAR-COTR-PC-R,CERTEGO SERVIZI CONTINUATIVI,Non in inventario
PanOptikon SOAR Platform - Premium Service - 3500-4999 Assets,20006,PAN-SOAR-36M-PC,NUOVO CLIENTE CERTEGO SERVIZI CONTINUATIVI,Non in inventario
PanOptikon SOAR Platform - Premium Service - 5000-9999 Assets,20001,PAN-SOAR-36M-PD-R,CERTEGO SERVIZI CONTINUATIVI,Non in inventario
PanOptikon SOAR Platform - Premium Service - 5000-9999 Assets,20006,PAN-SOAR-COTR-PD,NUOVO CLIENTE CERTEGO SERVIZI CONTINUATIVI,Non in inventario
PanOptikon SOAR Platform - Premium Service - 9999+ Assets,20001,PAN-SOAR-36M-PE-R,CERTEGO SERVIZI CONTINUATIVI,Non in inventario
PanOptikon SOAR Platform - Premium Service - 9999+ Assets,20001,PAN-SOAR-COTR-PE-R,CERTEGO SERVIZI CONTINUATIVI,Non in inventario
PanOptikon SOAR Platform - Premium Service - 9999+ Assets,20007,PAN-CUS-AWS-R,CERTEGO SERVIZI CUSTOM,Non in inventario
PanOptikon SOAR Platform - Standard Service - 12M - 100-149 Assets,20001,PAN-SOAR-12M-S2-R,CERTEGO SERVIZI CONTINUATIVI,Non in inventario
PanOptikon SOAR Platform - Standard Service - 12M - 100-149 Assets,20006,PAN-SOAR-12M-S2,NUOVO CLIENTE CERTEGO SERVIZI CONTINUATIVI,Non in inventario
PanOptikon SOAR Platform - Standard Service - 12M - 1000-1499 Assets,20001,PAN-SOAR-12M-S8-R,CERTEGO SERVIZI CONTINUATIVI,Non in inventario
PanOptikon SOAR Platform - Standard Service - 12M - 1000-1499 Assets,20006,PAN-SOAR-12M-S8,NUOVO CLIENTE CERTEGO SERVIZI CONTINUATIVI,Non in inventario
PanOptikon SOAR Platform - Standard Service - 12M - 150-249 Assets,20001,PAN-SOAR-12M-S3-R,CERTEGO SERVIZI CONTINUATIVI,Non in inventario
PanOptikon SOAR Platform - Standard Service - 12M - 150-249 Assets,20006,PAN-SOAR-12M-S3,NUOVO CLIENTE CERTEGO SERVIZI CONTINUATIVI,Non in inventario
PanOptikon SOAR Platform - Standard Service - 12M - 1500-1999 Assets,20001,PAN-SOAR-12M-S9-R,CERTEGO SERVIZI CONTINUATIVI,Non in inventario
PanOptikon SOAR Platform - Standard Service - 12M - 1500-1999 Assets,20006,PAN-SOAR-12M-S9,NUOVO CLIENTE CERTEGO SERVIZI CONTINUATIVI,Non in inventario
PanOptikon SOAR Platform - Standard Service - 12M - 250-349 Assets,20001,PAN-SOAR-12M-P4-R,CERTEGO SERVIZI CONTINUATIVI,Non in inventario
PanOptikon SOAR Platform - Standard Service - 12M - 250-349 Assets,20001,PAN-SOAR-12M-S4-R,CERTEGO SERVIZI CONTINUATIVI,Non in inventario
PanOptikon SOAR Platform - Standard Service - 12M - 250-349 Assets,20006,PAN-SOAR-12M-S4,NUOVO CLIENTE CERTEGO SERVIZI CONTINUATIVI,Non in inventario
PanOptikon SOAR Platform - Standard Service - 12M - 2500-3499 Assets,20001,PAN-SOAR-12M-SB-R,CERTEGO SERVIZI CONTINUATIVI,Non in inventario
PanOptikon SOAR Platform - Standard Service - 12M - 2500-3499 Assets,20006,PAN-SOAR-12M-SB,NUOVO CLIENTE CERTEGO SERVIZI CONTINUATIVI,Non in inventario
PanOptikon SOAR Platform - Standard Service - 12M - 50-99 Assets,20001,PAN-SOAR-12M-S1-R,CERTEGO SERVIZI CONTINUATIVI,Non in inventario
PanOptikon SOAR Platform - Standard Service - 12M - 50-99 Assets,20006,PAN-SOAR-12M-S1,NUOVO CLIENTE CERTEGO SERVIZI CONTINUATIVI,Non in inventario
PanOptikon SOAR Platform - Standard Service - 12M - 500-749 Assets,20001,PAN-SOAR-12M-S6-R,CERTEGO SERVIZI CONTINUATIVI,Non in inventario
PanOptikon SOAR Platform - Standard Service - 12M - 500-749 Assets,20006,PAN-SOAR-12M-S6,NUOVO CLIENTE CERTEGO SERVIZI CONTINUATIVI,Non in inventario
PanOptikon SOAR Platform - Standard Service - 350-499 Assets,20001,PAN-SOAR-COTR-S5-R,CERTEGO SERVIZI CONTINUATIVI,Non in inventario
PanOptikon SOAR Platform - Standard Service - 350-499 Assets,20006,PAN-SOAR-36M-S5,NUOVO CLIENTE CERTEGO SERVIZI CONTINUATIVI,Non in inventario
PanOptikon SOAR Platform - Standard Service - 36M - 250-349 Assets,20001,PAN-SOAR-36M-S4-R,CERTEGO SERVIZI CONTINUATIVI,Non in inventario
PanOptikon SOAR Platform - Standard Service - 36M - 250-349 Assets,20006,PAN-SOAR-36M-S4,NUOVO CLIENTE CERTEGO SERVIZI CONTINUATIVI,Non in inventario
PanOptikon SaaS Threat Detection Module – 12M - 350-499 Users,20001,PAN-SADM-12M-S5-R,CERTEGO SERVIZI CONTINUATIVI,Non in inventario
PanOptikon SaaS Threat Detection Module – 12M - 350-499 Users,20006,PAN-SADM-12M-S5,NUOVO CLIENTE CERTEGO SERVIZI CONTINUATIVI,Non in inventario
PanOptikon Security Appliance - NS100 – 12M,20001,PAN-NS100-12M-R.,CERTEGO SERVIZI CONTINUATIVI,Non in inventario
PanOptikon Security Appliance - NS100 – 12M,20006,PAN-NS100-12M,NUOVO CLIENTE CERTEGO SERVIZI CONTINUATIVI,Non in inventario
PanOptikon Security Appliance - NS100 – 36M,20001,PAN-NS100-36M-R,CERTEGO SERVIZI CONTINUATIVI,Non in inventario
PanOptikon Security Appliance - NS100 – 36M,20006,PAN-NS100-36M,NUOVO CLIENTE CERTEGO SERVIZI CONTINUATIVI,Non in inventario
PanOptikon Security Appliance - NS200 – 36M,20001,PAN-NS200-36M-R,CERTEGO SERVIZI CONTINUATIVI,Non in inventario
PanOptikon Security Appliance - NS200 – 36M,20006,PAN-NS200-36M,NUOVO CLIENTE CERTEGO SERVIZI CONTINUATIVI,Non in inventario
PanOptikon Security Appliance - NSVE Virtual Edition – 12M,20001,PAN-NSVE-12M-R,CERTEGO SERVIZI CONTINUATIVI,Non in inventario
PanOptikon Security Appliance - NSVE Virtual Edition – 12M,20006,PAN-NSVE-12M,NUOVO CLIENTE CERTEGO SERVIZI CONTINUATIVI,Non in inventario
PanOptikon Security Appliance - NSVE Virtual Edition – 36M,20001,PAN-NSVE-36M-R,CERTEGO SERVIZI CONTINUATIVI,Non in inventario
PanOptikon Security Appliance - NSVE Virtual Edition – 36M,20006,PAN-NSVE-36M,NUOVO CLIENTE CERTEGO SERVIZI CONTINUATIVI,Non in inventario
PanOptikon Tactical Response Module – 12M – Medium Appliance,20001,PAN-TACM-12M-M-R,CERTEGO SERVIZI CONTINUATIVI,Non in inventario
PanOptikon Tactical Response Module – 12M – Medium Appliance,20006,PAN-TACM-12M-M,NUOVO CLIENTE CERTEGO SERVIZI CONTINUATIVI,Non in inventario
PanOptikon Tactical Response Module – 12M – Small Appliance,20001,PAN-TACM-12M-S-R,CERTEGO SERVIZI CONTINUATIVI,Non in inventario
PanOptikon Tactical Response Module – 12M – Small Appliance,20001,PAN-TRM-12M-S-R,CERTEGO SERVIZI CONTINUATIVI,Non in inventario
PanOptikon Tactical Response Module – 12M – Small Appliance,20006,PAN-TACM-12M-S,NUOVO CLIENTE CERTEGO SERVIZI CONTINUATIVI,Non in inventario
PanOptikon Tactical Response Module – 36M – Medium Appliance,20001,PAN-TACM-36M-M-R,CERTEGO SERVIZI CONTINUATIVI,Non in inventario
PanOptikon Tactical Response Module – 36M – Medium Appliance,20006,PAN-TACM-36M-M,NUOVO CLIENTE CERTEGO SERVIZI CONTINUATIVI,Non in inventario
PanOptikon Tactical Response Module – 36M – Small Appliance,20001,PAN-TRM-36M-S-R,CERTEGO SERVIZI CONTINUATIVI,Non in inventario
PanOptikon Tactical Response Module – 36M – Small Appliance,20006,PAN-TACM-36M-S,NUOVO CLIENTE CERTEGO SERVIZI CONTINUATIVI,Non in inventario
PanOptikon Third Party Detection Module - 12M - 100-149 Assets,20001,PAN-TPDM-12M-S2-R,CERTEGO SERVIZI CONTINUATIVI,Non in inventario
PanOptikon Third Party Detection Module - 12M - 100-149 Assets,20006,PAN-TPDM-12M-S2,NUOVO CLIENTE CERTEGO SERVIZI CONTINUATIVI,Non in inventario
PanOptikon Threat Intelligence Feeds – 12M – Small Appliance,20001,PAN-CTIF-12M-S-R,CERTEGO SERVIZI CONTINUATIVI,Non in inventario
PanOptikon Threat Intelligence Feeds – 12M – Small Appliance,20006,PAN-CTIF-12M-S,NUOVO CLIENTE CERTEGO SERVIZI CONTINUATIVI,Non in inventario
PanOptikon Vulnerability Detection Module - External - 12M – 10 IP Addr.,20001,PAN-VDME-12M-10-R,CERTEGO SERVIZI CONTINUATIVI,Non in inventario
PanOptikon Vulnerability Detection Module - External - 12M – 10 IP Addr.,20001,PAN-VDM-EXT-12M-10-R,CERTEGO SERVIZI CONTINUATIVI,Non in inventario
PanOptikon Vulnerability Detection Module - External - 12M – 10 IP Addr.,20006,PAN-VDME-12M-10,NUOVO CLIENTE CERTEGO SERVIZI CONTINUATIVI,Non in inventario
PanOptikon Vulnerability Detection Module - External - 12M – 50-99 IP Addr.,20001,PAN-VDME-12M-S1-R,CERTEGO SERVIZI CONTINUATIVI,Non in inventario
PanOptikon Vulnerability Detection Module - External - 12M – 50-99 IP Addr.,20006,PAN-VDME-12M-S1,NUOVO CLIENTE CERTEGO SERVIZI CONTINUATIVI,Non in inventario
PanOptikon Vulnerability Detection Module - Virtual Scanner – 12M,20001,PAN-VDM-INT-VS-12M-R,CERTEGO SERVIZI CONTINUATIVI,Non in inventario
PanOptikon Vulnerability Detection Module - Virtual Scanner – 12M,20001,PAN-VDMI-VS-12M-R,CERTEGO SERVIZI CONTINUATIVI,Non in inventario
PanOptikon Vulnerability Detection Module - Virtual Scanner – 12M,20006,PAN-VDMI-VS-12M,NUOVO CLIENTE CERTEGO SERVIZI CONTINUATIVI,Non in inventario
PanOptikon Vulnerability Detection Module - Web Application Scanner – 36M - Single Web App,20001,PAN-VDMW-36M-R,CERTEGO SERVIZI CONTINUATIVI,Non in inventario
PanOptikon Vulnerability Detection Module - Web Application Scanner – 36M - Single Web App,20006,PAN-VDMW-36M,NUOVO CLIENTE CERTEGO SERVIZI CONTINUATIVI,Non in inventario
"Powersupply - AC/DC, 12V, 6.25A, grey",4007,PSU-12VDC-70W-GR+,INSTALLAZIONE COLLABORATION,Inventario
"Powersupply - AC/DC, 12V, 6.25A, grey",4008,PSU-12VDC-70W-GR-,CISCO VIDEOCONFERENZA/BOARD,Inventario
Pro Pack for Cisco Webex Control Hub (1),4008,A-SPK-NU-HUB-PRO,CISCO VIDEOCONFERENZA/BOARD,Non in inventario
Pro Pack for Cisco Webex Control Hub (1),4015,A-SPK-EDU-HUB-PRO,CISCO COLLABORATION A CANONE,Non in inventario
"PureLink Cavo Audio mjack 3,5mm 2m",1002,66S-AC505-020,CABLAGGIO ALTERNATIVO,Inventario
"PureLink Cavo Audio mjack 3,5mm 2m",4009,66S-AC500-020,AUDIO VIDEO - TELEPRESENCE ROOM,Inventario
RACC.D.20 STOP TUBO GUAINA IP67 IP6,1002,INRTG20,CABLAGGIO ALTERNATIVO,Inventario
RACC.D.20 STOP TUBO GUAINA IP67 IP6,1003,INRTG25,TBD******,Inventario
RACCORDO TUBO SCATOLA STOP IP67 IMQ,1002,INRST20,CABLAGGIO ALTERNATIVO,Inventario
RACCORDO TUBO SCATOLA STOP IP67 IMQ,1003,INRST25,TBD******,Inventario
RACCORDO TUBO SCATOLA STOP IP67 IMQ,1003,INRST40,TBD******,Inventario
RC530Z EP WH SET ( 2PCS),24001,RC530Z,BUILDING AUTOMATION,Inventario
RC530Z EP WH SET ( 2PCS),24002,910403219703,ALTRI IMPIANTI TECNOLOGICI,Inventario
Raspberry Pi Camera Module 3,24001,PI CAMERA V3,BUILDING AUTOMATION,Inventario
Raspberry Pi Camera Module 3,3004,SC0872,CLOUD VARIE HW,Inventario
Raspberry Pi Camera Module 3,3004,SC0874,CLOUD VARIE HW,Inventario
Reversible CMA for C220 M6 ball bearing rail kit,3009,UCSC-CMA-C220M6,SERVER CISCO,Inventario
Reversible CMA for C220 M6 ball bearing rail kit,3030,HX-CMA-C220M6,STORAGE IPERCONVERGENZA CISCO,Inventario
Ricetrasmettitore con base da tavolo per sistema Microflex Wireless. Compatibile con microfoni Micro,4007,MXW8=-Z11,INSTALLAZIONE COLLABORATION,Inventario
Ricetrasmettitore con base da tavolo per sistema Microflex Wireless. Compatibile con microfoni Micro,4009,MXW8X=-Z11,AUDIO VIDEO - TELEPRESENCE ROOM,Inventario
S/N CHASSIS : Ordine EI:,2006,EI C540699002,APPARATI VARI,Inventario
S/N CHASSIS : Ordine EI:,2006,EI C540699327,APPARATI VARI,Inventario
S/N CHASSIS : Ordine EI:,2006,EI C540699328,APPARATI VARI,Inventario
S/N CHASSIS : Ordine EI:,2006,EI C540699341,APPARATI VARI,Inventario
S/N CHASSIS : Ordine EI:,3010,EI C540699329,SERVER HP,Inventario
S/n Chassis - Ordine EI,1002,EI 591129296,CABLAGGIO ALTERNATIVO,Inventario
S/n Chassis - Ordine EI,2002,EI 470499084,APPARATI CISCO LAN,Inventario
S/n Chassis - Ordine EI,2002,EI 470799022,APPARATI CISCO LAN,Inventario
S/n Chassis - Ordine EI,2002,EI 470799022.,APPARATI CISCO LAN,Inventario
S/n Chassis - Ordine EI,2002,EI 470799061,APPARATI CISCO LAN,Inventario
S/n Chassis - Ordine EI,2002,EI 591129286,APPARATI CISCO LAN,Inventario
S/n Chassis - Ordine EI,2002,EI 591129287,APPARATI CISCO LAN,Inventario
S/n Chassis: - Ordine EI:,2002,EI C540699253,APPARATI CISCO LAN,Inventario
S/n Chassis: - Ordine EI:,2003,EI 470499007,APPARATI CISCO WAN,Inventario
S/n Chassis: - Ordine EI:,2003,EI 470499076,APPARATI CISCO WAN,Inventario
S/n Chassis: - Ordine EI:,2003,EI 480511001,APPARATI CISCO WAN,Inventario
S/n Chassis: - Ordine EI:,2003,EI 484511080,APPARATI CISCO WAN,Inventario
S/n Chassis: - Ordine EI:,2003,EI 540699101,APPARATI CISCO WAN,Inventario
S/n Chassis: - Ordine EI:,2003,EI 540699143,APPARATI CISCO WAN,Inventario
S/n Chassis: - Ordine EI:,2003,EI 540799038,APPARATI CISCO WAN,Inventario
S/n Chassis: - Ordine EI:,2006,EI C540699003,APPARATI VARI,Inventario
S/n Chassis: - Ordine EI:,2006,EI C540699338,APPARATI VARI,Inventario
S/n Chassis: - Ordine EI:,2006,EI C540699343,APPARATI VARI,Inventario
S/n Chassis: - Ordine EI:,2006,EI C540699344,APPARATI VARI,Inventario
S/n Chassis: - Ordine EI:,2006,EI C540699344.,APPARATI VARI,Inventario
SCARICO CON GRU su piano strada fianco camion . Previa accessibilità dei mezzi - ESCLUSO posizioname,17005,SCA.MA.04.460-630,ALTRO DATA CENTER,Non in inventario
SCARICO CON GRU su piano strada fianco camion . Previa accessibilità dei mezzi - ESCLUSO posizioname,99010,SCA.MA.02.150-250,SPESE TRASPORTO FORNITORI,Non in inventario
SCATOLA INC. 4M P/LEGGERE AZZURRO,1002,VIV71704,CABLAGGIO ALTERNATIVO,Inventario
SCATOLA INC. 4M P/LEGGERE AZZURRO,1003,VIV71614,TBD******,Inventario
SINGLE PACK OPTION,2001,C9120AXE-SINGLE,APPARATI CISCO WIRELESS,Inventario
SINGLE PACK OPTION,2001,C9136I-SINGLE,APPARATI CISCO WIRELESS,Inventario
SINGLE PACK OPTION,2001,CW9162I-SINGLE,APPARATI CISCO WIRELESS,Inventario
SINGLE PACK OPTION,2001,CW9164I-SINGLE,APPARATI CISCO WIRELESS,Inventario
SINGLE PACK OPTION,2001,CW9166I-SINGLE,APPARATI CISCO WIRELESS,Inventario
SINGLE PACK OPTION,2001,CW9172I-SINGLE,APPARATI CISCO WIRELESS,Inventario
SINGLE PACK OPTION,2002,C9120AXI-SINGLE,APPARATI CISCO LAN,Inventario
SINGLE PACK OPTION,2002,C9130-SINGLE,APPARATI CISCO LAN,Inventario
SIRENA DA ESTERNO Abs Bianco/Blu,2014,AG6WB,CONTROLLO ACCESSI,Inventario
SIRENA DA ESTERNO Abs Bianco/Blu,24001,AG6/WB,BUILDING AUTOMATION,Inventario
"SL110 Series Modular Jack, RJ45, category 6, T568A/T568B, unshielded, without dust cover, alpine whi",1001,1-1375055-3,CABLAGGI COMMSCOPE,Inventario
"SL110 Series Modular Jack, RJ45, category 6, T568A/T568B, unshielded, without dust cover, alpine whi",1002,1-2291216-3,CABLAGGIO ALTERNATIVO,Inventario
SPCK620.100 Tastiera Comfort,1016,V54543-F110-A100,CONTROLLI ACCESSI,Inventario
SPCK620.100 Tastiera Comfort,2014,V54543-F110-B100,CONTROLLO ACCESSI,Inventario
SRST Endpoints (1),4015,A-FLEX-SRST-EP,CISCO COLLABORATION A CANONE,Non in inventario
SRST Endpoints (1),4016,A-FLEX-SRST-E,RINNOVO CISCO COLLABORATION A CANONE,Non in inventario
SUPPORTO 3 MODULI CON VITI,1002,VI14613,CABLAGGIO ALTERNATIVO,Inventario
SUPPORTO 3 MODULI CON VITI,1003,VI16713,TBD******,Inventario
SaaS Detection - 1500-1999 Users,20001,PAN-SADM-36M-S9-R,CERTEGO SERVIZI CONTINUATIVI,Non in inventario
SaaS Detection - 1500-1999 Users,20006,PAN-SADM-COTR-S9,NUOVO CLIENTE CERTEGO SERVIZI CONTINUATIVI,Non in inventario
SaaS Detection - 500-749 Users,20001,PAN-SADM-36M-S6-R,CERTEGO SERVIZI CONTINUATIVI,Non in inventario
SaaS Detection - 500-749 Users,20001,PAN-SADM-COTR-S6-R,CERTEGO SERVIZI CONTINUATIVI,Non in inventario
SaaS Detection - 500-749 Users,20006,PAN-SADM-36M-S6,NUOVO CLIENTE CERTEGO SERVIZI CONTINUATIVI,Non in inventario
Service Pack 3 Years Parts and Software Support Extended Warranty for 1 NetBotz 2-Series,17,WBEXTWAR3YR-NB-02,DATACENTER INFRASTRUCTURE,Assistenza
Service Pack 3 Years Parts and Software Support Extended Warranty for 1 NetBotz 2-Series,17007,WBEXTWAR3YR-NB-02.,INSTALLAZIONE DATA CENTER,Non in inventario
Sirena Mini Doge bianco,2014,20.203.361,CONTROLLO ACCESSI,Inventario
Sirena Mini Doge bianco,24001,VEN-20.203.361,BUILDING AUTOMATION,Inventario
Small Secure Network Server for ISE Applications,3009,SNS-3615-K9,SERVER CISCO,Inventario
Small Secure Network Server for ISE Applications,6001,SNS-3715-K9,CISCO SECURITY,Inventario
SmartEvent SmartReporter and Compliance blades for 5 gateways (Smart-1 & open server) 1  year subsc,6002,CPSB-EVS-COMP-5-1Y,CHECKPOINT SECURITY,Inventario
SmartEvent SmartReporter and Compliance blades for 5 gateways (Smart-1 & open server) 1  year subsc,6011,CPSB-EVS-COMP-5-1Y.,RINNOVO CHECKPOINT SECURITY,Non in inventario
SmartEvent and SmartReporter blade for 25 gateways (Smart-1 & open server) 1 year subscription,6002,CPSB-EVS-25-1Y,CHECKPOINT SECURITY,Inventario
SmartEvent and SmartReporter blade for 25 gateways (Smart-1 & open server) 1 year subscription,6011,CPSB-EVS-25-1Y.,RINNOVO CHECKPOINT SECURITY,Non in inventario
"SmartMixer® Digitale con 4 canali microfono, 2 mic/line, 1 stereo",4007,ATDM-0604A,INSTALLAZIONE COLLABORATION,Inventario
"SmartMixer® Digitale con 4 canali microfono, 2 mic/line, 1 stereo",4009,1171,AUDIO VIDEO - TELEPRESENCE ROOM,Inventario
"SmartMixer® Digitale con 4 canali microfono, 2 mic/line, 1 stereo",4009,ATDM-0604,AUDIO VIDEO - TELEPRESENCE ROOM,Inventario
SmartX IP Controller da 16 I/O per EcoStruxure Building progettato per il controllo ambiente.,17001,SXWRCF16A10002,SISTEMI SCHNEIDER,Inventario
SmartX IP Controller da 16 I/O per EcoStruxure Building progettato per il controllo ambiente.,17001,SXWRCF16A10002.,SISTEMI SCHNEIDER,Inventario
SmartX IP Controller da 16 I/O per EcoStruxure Building progettato per il controllo ambiente.,17001,SXWRCF16A10003,SISTEMI SCHNEIDER,Inventario
SmartX IP Controller da 16 I/O per EcoStruxure Building progettato per il controllo ambiente.,24001,RP-C-16A-F-230V,BUILDING AUTOMATION,Inventario
"Sonda di temperatura da esterno installazione a muro, NTC 1",1011,5141100010,BUILDING AUTOMATION,Inventario
"Sonda di temperatura da esterno installazione a muro, NTC 1",24001,STO100,BUILDING AUTOMATION,Inventario
"Standard Bundle (24x7 FortiCare plus AV, FortiWeb Security Service, and IP Reputation)",6007,FC10VVM029360236,FORTINET SECURITY,Inventario
"Standard Bundle (24x7 FortiCare plus AV, FortiWeb Security Service, and IP Reputation)",6013,FC10VVM029360212-R,RINNOVO FORTINET SECURITY,Non in inventario
Standard Collaborative Enterprise Support for Hardware,6002,CPES-CO-STANDARD-ADD,CHECKPOINT SECURITY,Non in inventario
Standard Collaborative Enterprise Support for Hardware,6011,CPCES-CO-STANDARDADD,RINNOVO CHECKPOINT SECURITY,Non in inventario
Standard Pro Collaborative Enterprise Support,6002,CPCES-CO-STANDARDPRO,CHECKPOINT SECURITY,Inventario
Standard Pro Collaborative Enterprise Support,6011,CPCES-COSTANDARDPROA,RINNOVO CHECKPOINT SECURITY,Non in inventario
Support,6009,SPRT,FORCEPOINT SECURITY,Non in inventario
Support,6016,SPRT-R.,RINNOVO FORCEPOINT SECURITY,Non in inventario
Support & Maintenance Subscription Notification of software,3031,S-STD,SOLUZIONE BACKUP ALTRO,Inventario
Support & Maintenance Subscription Notification of software,3032,S-STD-R,RINNOVO SOLUZIONE BACKUP ALTRO,Inventario
Support for Appliance Gateways,6002,CPCES-CO-PREMIUM-153,CHECKPOINT SECURITY,Non in inventario
Support for Appliance Gateways,6002,CPCES-CO-PREMIUM-155,CHECKPOINT SECURITY,Non in inventario
Support for Appliance Gateways,6002,CPCESCOPREMIUM1590AD,CHECKPOINT SECURITY,Non in inventario
Support for Appliance Gateways,6002,CPESSSPREMIUMPRO1550,CHECKPOINT SECURITY,Non in inventario
Support for Appliance Gateways,6011,CPCES-CO-PREMIUM-157,RINNOVO CHECKPOINT SECURITY,Non in inventario
SupportEdge Advisor,3014,CS-G1A-SE-ADVISOR,SOLUZIONE NETAPP,Non in inventario
SupportEdge Advisor,3014,CSG1CSEADVISORADDON,SOLUZIONE NETAPP,Non in inventario
SupportEdge Advisor,3014,CSG1SEADVISORADDON,SOLUZIONE NETAPP,Non in inventario
SupportEdge Advisor,3014,CSG3SEADVISORL1PR,SOLUZIONE NETAPP,Non in inventario
SupportEdge Advisor,3022,CS-G1-SE-ADVISOR.,RINNOVO SOLUZIONE NETAPP,Non in inventario
SupportEdge Advisor,3022,CSG1SEADVISORADDONR,RINNOVO SOLUZIONE NETAPP,Non in inventario
T1 - Telaio di base regolabile,17001,21TB008CDZ1,SISTEMI SCHNEIDER,Inventario
T1 - Telaio di base regolabile,17005,21TB004CDZ1,ALTRO DATA CENTER,Inventario
TERMORESTRINGENTE X GIUNTI FO L=45 mm (in conf. da 100),1002,FIBR002,CABLAGGIO ALTERNATIVO,Inventario
TERMORESTRINGENTE X GIUNTI FO L=45 mm (in conf. da 100),1006,8100400-01,ARMADI,Inventario
TESTER DI RETE,1002,4610185,CABLAGGIO ALTERNATIVO,Inventario
TESTER DI RETE,1003,489905002,TBD******,Inventario
"TPM 2.0, TCG, FIPS140-2, CC EAL4+ Certified, for M6 servers",3009,UCSX-TPM-002C.,SERVER CISCO,Inventario
"TPM 2.0, TCG, FIPS140-2, CC EAL4+ Certified, for M6 servers",3009,UCSX-TPM-002C-D,SERVER CISCO,Inventario
"TPM 2.0, TCG, FIPS140-2, CC EAL4+ Certified, for M6 servers",3030,HX-TPM-002C,STORAGE IPERCONVERGENZA CISCO,Inventario
TUBO CORRUGATO PIEGHEVOLE IMQ 3321,1002,INFMP20,CABLAGGIO ALTERNATIVO,Inventario
TUBO CORRUGATO PIEGHEVOLE IMQ 3321,1002,INFMP25,CABLAGGIO ALTERNATIVO,Inventario
TUBO CORRUGATO PIEGHEVOLE IMQ 3321,1002,INFMP50,CABLAGGIO ALTERNATIVO,Inventario
TUBO CORRUGATO PIEGHEVOLE IMQ 3321,1003,INFMP32,TBD******,Inventario
TUBO RIGIDO GRIGIO IMQ 3321,1002,INGRI20,CABLAGGIO ALTERNATIVO,Inventario
TUBO RIGIDO GRIGIO IMQ 3321,1003,INGRI25,TBD******,Inventario
TUBO RIGIDO GRIGIO IMQ 3321,1003,INGRI32,TBD******,Inventario
TUBO RIGIDO GRIGIO IMQ 3321,1003,INGRI40,TBD******,Inventario
TUBO RIGIDO GRIGIO IMQ 3321,1003,INGRI50,TBD******,Inventario
"TeraSPEED® LC to Unconnectorized, Fiber Pigtail, 0.9 mm Tight Buffer",1001,FAWLCUC01-JXF005,CABLAGGI COMMSCOPE,Inventario
"TeraSPEED® LC to Unconnectorized, Fiber Pigtail, 0.9 mm Tight Buffer",1002,FAWLCUC01-JXM001,CABLAGGIO ALTERNATIVO,Inventario
Third Party Detection - 1500-1999 Assets,20001,PAN-TPDM-12M-S9-R,CERTEGO SERVIZI CONTINUATIVI,Non in inventario
Third Party Detection - 1500-1999 Assets,20006,PAN-TPDM-12M-S9,NUOVO CLIENTE CERTEGO SERVIZI CONTINUATIVI,Non in inventario
Third Party Detection - 1500-1999 Assets,20006,PAN-TPDM-COTR-S9,NUOVO CLIENTE CERTEGO SERVIZI CONTINUATIVI,Non in inventario
Threat Intelligence IOC Feeds - S,20001,PAN-CTIF-36M-S-R,CERTEGO SERVIZI CONTINUATIVI,Non in inventario
Threat Intelligence IOC Feeds - S,20006,PAN-CTIF-36M-S,NUOVO CLIENTE CERTEGO SERVIZI CONTINUATIVI,Non in inventario
Threat Intelligence IOC Feeds - S,20006,PAN-CTIF-COTR-S,NUOVO CLIENTE CERTEGO SERVIZI CONTINUATIVI,Non in inventario
Threat Intelligence IOC Feeds – L,20001,PAN-CTIF-12M-L-R,CERTEGO SERVIZI CONTINUATIVI,Non in inventario
Threat Intelligence IOC Feeds – L,20001,PAN-CTIF-36M-L-R,CERTEGO SERVIZI CONTINUATIVI,Non in inventario
Threat Intelligence IOC Feeds – L,20006,PAN-CTIF-12M-L,NUOVO CLIENTE CERTEGO SERVIZI CONTINUATIVI,Non in inventario
"Trend Vision One - Data Pipeline (Outbound), Renew, Normal, 1-1000 License,04 months",6003,VO01191255,TREND MICRO PRIMA VENDITA,Inventario
"Trend Vision One - Data Pipeline (Outbound), Renew, Normal, 1-1000 License,04 months",6012,VO01218074,RINNOVO SOFTWARE TREND MICRO,Inventario
UCS Fabric Interconnect 6454,3009,UCS-FI-6454,SERVER CISCO,Inventario
UCS Fabric Interconnect 6454,3009,UCS-FI-6454-U,SERVER CISCO,Inventario
UCS Fabric Interconnect 6454,3030,HX-FI-6454,STORAGE IPERCONVERGENZA CISCO,Inventario
UCS Manager v4.2 and Intersight Managed Mode v4.2,3009,N10-MGT018-D,SERVER CISCO,Inventario
UCS Manager v4.2 and Intersight Managed Mode v4.2,3030,N10-MGT018,STORAGE IPERCONVERGENZA CISCO,Inventario
"UHD, 350 nits, Tizen 4.0, Soc6",4008,LH49QBREBGCXEN,CISCO VIDEOCONFERENZA/BOARD,Inventario
"UHD, 350 nits, Tizen 4.0, Soc6",4009,LH65QBREBGCXEN,AUDIO VIDEO - TELEPRESENCE ROOM,Inventario
"ULL TeraSpeed LC Uniboot to LC Uniboot, Fiber Patch Cord, 2.0 mm Duplex, LSZH/Riser",1001,FFWLCLC42-JXM00,CABLAGGI COMMSCOPE,Inventario
"ULL TeraSpeed LC Uniboot to LC Uniboot, Fiber Patch Cord, 2.0 mm Duplex, LSZH/Riser",1001,UFGLULU62-JXF007,CABLAGGI COMMSCOPE,Inventario
"ULL TeraSpeed LC Uniboot to LC Uniboot, Fiber Patch Cord, 2.0 mm Duplex, LSZH/Riser",1002,FFWLCLC42-JXM002,CABLAGGIO ALTERNATIVO,Inventario
UNIVERSAL,2001,SC9800LK9-176,APPARATI CISCO WIRELESS,Inventario
UNIVERSAL,2002,S3850UK9-163,APPARATI CISCO LAN,Inventario
UNIVERSAL,2002,S9300UK9-169,APPARATI CISCO LAN,Inventario
UNIVERSAL,2002,S9400UK9-169,APPARATI CISCO LAN,Inventario
UNIVERSAL,2002,S9500UK9-169,APPARATI CISCO LAN,Inventario
UNIVERSAL,2002,SC980040K9-1612,APPARATI CISCO LAN,Inventario
UNIVERSAL,2002,SCAT9200CXUK9-178,APPARATI CISCO LAN,Inventario
UNIVERSAL,2003,SC8KAESUK9-176,APPARATI CISCO WAN,Inventario
UNIVERSAL,2003,SC8KBEUK9-1711,APPARATI CISCO WAN,Inventario
UNIVERSAL,2003,SC8KBEUK9-176,APPARATI CISCO WAN,Inventario
UNIVERSAL,2003,SVG400UK9-1612,APPARATI CISCO WAN,Inventario
UNIVERSAL (NETWORK ESSENTIALS),2002,SIR1800UK9-1715,APPARATI CISCO LAN,Inventario
UNIVERSAL (NETWORK ESSENTIALS),2003,SIR1101UK9-179,APPARATI CISCO WAN,Inventario
UNIVERSAL (NETWORK ESSENTIALS),2003,SIR1800UK9-179,APPARATI CISCO WAN,Inventario
UNIVERSAL (NETWORK ESSENTIALS),2015,SIR1101UK9-1612,APPARATI CISCO IOT,Inventario
UNIVERSAL - NO PAYLOAD ENCRYPTION,2002,SC8KBENEK9-1712,APPARATI CISCO LAN,Inventario
UNIVERSAL - NO PAYLOAD ENCRYPTION,2006,SC8KBENEK9-176,APPARATI VARI,Inventario
"Unified Threat Protection (UTP) (IPS, Advanced Malware Protection, Application Control, URL, DNS & V",6007,FC10F200F9500260,FORTINET SECURITY,Non in inventario
"Unified Threat Protection (UTP) (IPS, Advanced Malware Protection, Application Control, URL, DNS & V",6011,FC100080F9500212,RINNOVO CHECKPOINT SECURITY,Non in inventario
"Unified Threat Protection (UTP) (IPS, Advanced Malware Protection, Application Control, Web & Video",6007,FC10F22HE9500212,FORTINET SECURITY,Non in inventario
"Unified Threat Protection (UTP) (IPS, Advanced Malware Protection, Application Control, Web & Video",6013,FC10F6H0E9500212-R,RINNOVO FORTINET SECURITY,Non in inventario
Upgrade FortiCare Premium to Elite (Require FortiCare Premium),6002,FC-10-GT70G-204-02-3,CHECKPOINT SECURITY,Non in inventario
Upgrade FortiCare Premium to Elite (Require FortiCare Premium),6007,FC-10-F120G-204-0236,FORTINET SECURITY,Non in inventario
VENTOLA,1003,4440010,TBD******,Inventario
VENTOLA,17005,3396541,ALTRO DATA CENTER,Inventario
VENTOLA,17005,3397879,ALTRO DATA CENTER,Inventario
VISION Professional installation-grade USB 2.0 cable,3004,4911618,CLOUD VARIE HW,Inventario
VISION Professional installation-grade USB 2.0 cable,4009,TC 1MUSB/BL,AUDIO VIDEO - TELEPRESENCE ROOM,Inventario
VMware ESXi Hyper-V KVM Renewal. Integrating Check Point's Next Generation Threat Prevention subscri,6002,CPSGVSECVENBUNNGTPRE,CHECKPOINT SECURITY,Non in inventario
VMware ESXi Hyper-V KVM Renewal. Integrating Check Point's Next Generation Threat Prevention subscri,6011,CPSGVSECVENBUNNGTPR1,RINNOVO CHECKPOINT SECURITY,Non in inventario
Veeam Data Platform Foundation Universal Subscription License. Includes Enterprise Plus Edition feat,3031,V-FDNVUL-0I-SU1YP-00,SOLUZIONE BACKUP ALTRO,Inventario
Veeam Data Platform Foundation Universal Subscription License. Includes Enterprise Plus Edition feat,3032,V-FDNVUL-0I-SU1MP-00,RINNOVO SOLUZIONE BACKUP ALTRO,Non in inventario
Veeam Data Platform Foundation Universal Subscription License. Includes Enterprise Plus Edition feat,3032,V-FDNVUL-0I-SU3AR-00,RINNOVO SOLUZIONE BACKUP ALTRO,Inventario
Vulnerability Detection - Public IPs – 20 IP Addr.,20001,PAN-VDME-36M-20-R,CERTEGO SERVIZI CONTINUATIVI,Non in inventario
Vulnerability Detection - Public IPs – 20 IP Addr.,20001,PAN-VDME-COTR-20-R,CERTEGO SERVIZI CONTINUATIVI,Non in inventario
Vulnerability Detection - Public IPs – 20 IP Addr.,20006,PAN-VDME-12M-20,NUOVO CLIENTE CERTEGO SERVIZI CONTINUATIVI,Non in inventario
Vulnerability Detection - Public IPs – 30 IP Addr.,20001,PAN-VDME-12M-30-R,CERTEGO SERVIZI CONTINUATIVI,Non in inventario
Vulnerability Detection - Public IPs – 30 IP Addr.,20006,PAN-VDME-12M-30,NUOVO CLIENTE CERTEGO SERVIZI CONTINUATIVI,Non in inventario
Vulnerability Detection - Public IPs – 30 IP Addr.,20006,PAN-VDME-36M-30,NUOVO CLIENTE CERTEGO SERVIZI CONTINUATIVI,Non in inventario
Vulnerability Detection - Web Apps,20001,PAN-VDMW-12M-R,CERTEGO SERVIZI CONTINUATIVI,Non in inventario
Vulnerability Detection - Web Apps,20006,PAN-VDMW-12M,NUOVO CLIENTE CERTEGO SERVIZI CONTINUATIVI,Non in inventario
Vulnerability Detection - Web Apps,20006,PAN-VDMW-COTR,NUOVO CLIENTE CERTEGO SERVIZI CONTINUATIVI,Non in inventario
Wall Mount Kit for Codec EQ,2002,CS-CODEC-EQ-WMK,APPARATI CISCO LAN,Inventario
Wall Mount Kit for Codec EQ,4008,CS-CODEC-EQ-WMK=,CISCO VIDEOCONFERENZA/BOARD,Inventario
Webex Calling Entitlement,4008,A-FLEX-C-PRO,CISCO VIDEOCONFERENZA/BOARD,Non in inventario
Webex Calling Entitlement,4015,A-FLEX-C-CALL-ENT,CISCO COLLABORATION A CANONE,Non in inventario
"lteom Perform Pro - 1Gbps GlobalElastic License including 8 VAs/vADCs, 1 year subscription.",6002,OTHER-CAT-S,CHECKPOINT SECURITY,Inventario
"lteom Perform Pro - 1Gbps GlobalElastic License including 8 VAs/vADCs, 1 year subscription.",6028,OTHER-CAT-S.,RINNOVO RADWARE SECURITY,Non in inventario
non usare,17005,MATERIALE PAF,ALTRO DATA CENTER,Inventario
non usare,3019,VS8-ENT-P-SSS-C-R,RINNOVO SOFTWARE VMWARE,Inventario
non usare,6002,CP-SASE-GW-Y,CHECKPOINT SECURITY,Inventario
non usare,6002,CP-SASE-PA-PRE-T1-Y,CHECKPOINT SECURITY,Inventario
